{
	"component": "Component_01",
	"action": "excavate",
	"polygon_key": "cap_polygon",
	"success": true,
	"error": "",
	"actor_name": "FromLZ_ReconstructedFace_Press_04_Component_01",
	"cap_width": 1720,
	"cap_height": 1222,
	"faces_width": 1720,
	"faces_height": 1222,
	"cap_mask_pixels": 80188,
	"min_overlap_pixels": 4010,
	"green_line_vector_2d": [
		-0.89708903366019022,
		0.44184982254904892
	],
	"green_line_vectors_2d": [
		[
			0.95782628522115143,
			-0.28734788556634544
		],
		[
			-0.94868329805051377,
			-0.31622776601683794
		],
		[
			-0.97302105518729365,
			0.23071633267327582
		],
		[
			-0.70710678118654746,
			0.70710678118654746
		],
		[
			-0.99956775446435298,
			0.029399051601892736
		],
		[
			-0.89708903366019022,
			0.44184982254904892
		],
		[
			-0.40613846605344767,
			0.91381154862025726
		]
	],
	"normal_parallel_threshold_degrees": 10,
	"selected_face_id": 1,
	"selected_plane_hit_3d": [
		-321.25608194273809,
		-50.301452059322969,
		435.00234655802086
	],
	"candidates": [
		{
			"face_id": 0,
			"overlap_pixels": 23177,
			"overlap_ratio": 0.28903327181124355,
			"mask_centroid_2d": [
				1192.7127108771626,
				413.12549078828147
			],
			"has_plane_hit": true,
			"plane_hit_3d": [
				-43.233129034785179,
				1245.4322192637437,
				0.54865062842441148
			],
			"distance_to_camera": 2535.7481277491797,
			"has_projected_normal": true,
			"projected_normal_2d": [
				-0.00075538134367798316,
				0.99999971469947224
			],
			"normal_green_angle_degrees": 23.919208807546525,
			"normal_parallel_pass": false
		},
		{
			"face_id": 1,
			"overlap_pixels": 43971,
			"overlap_ratio": 0.54834888013169047,
			"mask_centroid_2d": [
				1114.5800982465717,
				568.56404220963816
			],
			"has_plane_hit": true,
			"plane_hit_3d": [
				-321.25608194273809,
				-50.301452059322969,
				435.00234655802086
			],
			"distance_to_camera": 1149.5281912147136,
			"has_projected_normal": true,
			"projected_normal_2d": [
				-0.55278185631757981,
				0.83332599823003883
			],
			"normal_green_angle_degrees": 9.5955810776086299,
			"normal_parallel_pass": true
		},
		{
			"face_id": 2,
			"overlap_pixels": 13023,
			"overlap_ratio": 0.16240584626128599,
			"mask_centroid_2d": [
				1170.2426860170469,
				484.94267833832453
			],
			"has_plane_hit": true,
			"plane_hit_3d": [
				-359.32303762625338,
				-0.64160568669876739,
				499.84176776955326
			],
			"distance_to_camera": 1173.406191554903,
			"has_projected_normal": true,
			"projected_normal_2d": [
				-0.00075538134367798316,
				0.99999971469947224
			],
			"normal_green_angle_degrees": 23.919208807546525,
			"normal_parallel_pass": false
		}
	],
	"mesh_vertices_world": [
		[
			499.59500000000003,
			-51.167000000000002,
			500.226
		],
		[
			-499.23099999999999,
			-50.191000000000003,
			500.036
		],
		[
			-499.09899999999999,
			-49.703000000000003,
			0.70199999999999996
		],
		[
			499.72699999999998,
			-50.679000000000002,
			0.89200000000000002
		]
	],
	"mesh_triangles": [
		[
			3,
			0,
			1
		],
		[
			1,
			2,
			3
		]
	]
}