{
	"component": "Component_04",
	"action": "excavate",
	"polygon_key": "cap_polygon",
	"success": true,
	"error": "",
	"actor_name": "FromLZ_ReconstructedFace_Press_01_Component_04",
	"cap_width": 1716,
	"cap_height": 1273,
	"faces_width": 1716,
	"faces_height": 1273,
	"cap_mask_pixels": 32241,
	"min_overlap_pixels": 1613,
	"green_line_vector_2d": [
		-0.85079799735929229,
		0.5254928807219158
	],
	"green_line_vectors_2d": [
		[
			0,
			1
		],
		[
			-0.85079799735929229,
			0.5254928807219158
		],
		[
			-0.31622776601683794,
			0.94868329805051377
		]
	],
	"normal_parallel_threshold_degrees": 30,
	"selected_face_id": 1,
	"selected_plane_hit_3d": [
		-292.85510900279121,
		-49.94347065275366,
		277.95155058816761
	],
	"candidates": [
		{
			"face_id": 1,
			"overlap_pixels": 32241,
			"overlap_ratio": 1,
			"mask_centroid_2d": [
				912.19941999317632,
				675.53672342669267
			],
			"has_plane_hit": true,
			"plane_hit_3d": [
				-292.85510900279121,
				-49.94347065275366,
				277.95155058816761
			],
			"distance_to_camera": 712.36449188081815,
			"has_projected_normal": true,
			"projected_normal_2d": [
				-0.74715006881307944,
				0.66465538038340655
			],
			"normal_green_angle_degrees": 9.9544628776432624,
			"normal_parallel_pass": true
		}
	],
	"mesh_vertices_world": [
		[
			498.91800000000001,
			-50.935000000000002,
			499.77100000000002
		],
		[
			-499.62799999999999,
			-49.957999999999998,
			499.298
		],
		[
			-499.32900000000001,
			-49.470999999999997,
			0.54100000000000004
		],
		[
			499.21699999999998,
			-50.448,
			1.014
		]
	],
	"mesh_triangles": [
		[
			3,
			0,
			1
		],
		[
			1,
			2,
			3
		]
	]
}