{
	"component": "Component_04",
	"action": "excavate",
	"source_polygon_key": "cap_polygon",
	"copied_polygon_key": "cap_polygon_translated_opposite",
	"success": true,
	"error": "",
	"warning": "",
	"actor_name": "FromLZ_ReconstructedSolid_Press_01_Component_04",
	"cap_width": 1716,
	"cap_height": 1273,
	"faces_width": 1716,
	"faces_height": 1273,
	"selected_source_face_id": 1,
	"attach_material_id_lookup_attempted": false,
	"attach_material_id_found": false,
	"attach_material_id_error": "",
	"source_plane_point": [
		-14.632,
		-50.189999999999998,
		251.28899999999999
	],
	"source_plane_normal": [
		-0.00097999905880935588,
		-0.99999903960138359,
		-0.00097999905880935588
	],
	"oriented_normal_source_to_copied": [
		0.00097999905880935588,
		0.99999903960138359,
		0.00097999905880935588
	],
	"source_to_copied_vector_2d": [
		34,
		-21
	],
	"projected_oriented_normal_2d": [
		0.74715006881307944,
		-0.66465538038340655
	],
	"extrusion_depth": 50.35597696541376,
	"max_depth_sample_reprojection_error_pixels": 29.97186180403213,
	"mean_copied_reprojection_error_pixels": 6.9081314879610707,
	"max_copied_reprojection_error_pixels": 6.9081314879612234,
	"depth_samples": [
		{
			"index": 0,
			"valid": true,
			"error": "",
			"source_pixel_2d": [
				810,
				576
			],
			"copied_pixel_2d": [
				844,
				555
			],
			"source_world": [
				-185.58832600552705,
				-50.117053797431254,
				347.81042542530764
			],
			"point_on_extrusion": [
				-185.53897719549553,
				0.23887480617189993,
				347.85977423533916
			],
			"point_on_copied_ray": [
				-185.53897719549553,
				0.23887480617189993,
				347.85977423533916
			],
			"depth": 50.35597696541376,
			"closest_world_distance": 0,
			"reprojection_error_pixels": 6.908131487961148
		},
		{
			"index": 1,
			"valid": true,
			"error": "",
			"source_pixel_2d": [
				809,
				575
			],
			"copied_pixel_2d": [
				843,
				554
			],
			"source_world": [
				-184.53875966432224,
				-50.118779525081663,
				348.52180566619586
			],
			"point_on_extrusion": [
				-184.48941085429072,
				0.23714907852149025,
				348.57115447622738
			],
			"point_on_copied_ray": [
				-184.48941085429072,
				0.23714907852149025,
				348.57115447622738
			],
			"depth": 50.35597696541376,
			"closest_world_distance": 0,
			"reprojection_error_pixels": 6.908131487961148
		},
		{
			"index": 2,
			"valid": true,
			"error": "",
			"source_pixel_2d": [
				802,
				621
			],
			"copied_pixel_2d": [
				836,
				600
			],
			"source_world": [
				-177.1577248768499,
				-50.075420829295922,
				296.89720375036683
			],
			"point_on_extrusion": [
				-177.10837606681838,
				0.28050777430723173,
				296.94655256039835
			],
			"point_on_copied_ray": [
				-177.10837606681838,
				0.28050777430723173,
				296.94655256039835
			],
			"depth": 50.35597696541376,
			"closest_world_distance": 0,
			"reprojection_error_pixels": 6.9081314879609783
		},
		{
			"index": 3,
			"valid": true,
			"error": "",
			"source_pixel_2d": [
				800,
				701
			],
			"copied_pixel_2d": [
				834,
				680
			],
			"source_world": [
				-175.00587950158712,
				-49.993099063355658,
				210.74355639501402
			],
			"point_on_extrusion": [
				-174.9565306915556,
				0.36282954024749614,
				210.79290520504554
			],
			"point_on_copied_ray": [
				-174.9565306915556,
				0.36282954024749614,
				210.79290520504554
			],
			"depth": 50.35597696541376,
			"closest_world_distance": 0,
			"reprojection_error_pixels": 6.9081314879610725
		},
		{
			"index": 4,
			"valid": true,
			"error": "",
			"source_pixel_2d": [
				799,
				706
			],
			"copied_pixel_2d": [
				833,
				685
			],
			"source_world": [
				-173.95245613407599,
				-49.988548701646778,
				205.04690679416103
			],
			"point_on_extrusion": [
				-173.90310732404447,
				0.36737990195637593,
				205.09625560419255
			],
			"point_on_copied_ray": [
				-173.90310732404447,
				0.36737990195637593,
				205.09625560419255
			],
			"depth": 50.35597696541376,
			"closest_world_distance": 0,
			"reprojection_error_pixels": 6.9081314879610725
		},
		{
			"index": 5,
			"valid": true,
			"error": "",
			"source_pixel_2d": [
				1008,
				783
			],
			"copied_pixel_2d": [
				1042,
				762
			],
			"source_world": [
				-393.39667602459753,
				-49.765945588603302,
				197.34509296680352
			],
			"point_on_extrusion": [
				-393.34732721456601,
				0.58998301499985217,
				197.39444177683504
			],
			"point_on_copied_ray": [
				-393.34732721456601,
				0.58998301499985217,
				197.39444177683504
			],
			"depth": 50.35597696541376,
			"closest_world_distance": 0,
			"reprojection_error_pixels": 6.9081314879610725
		},
		{
			"index": 6,
			"valid": true,
			"error": "",
			"source_pixel_2d": [
				1014,
				787
			],
			"copied_pixel_2d": [
				1048,
				766
			],
			"source_world": [
				-399.69535974726097,
				-49.75768325248697,
				195.21282146872028
			],
			"point_on_extrusion": [
				-399.64601093722945,
				0.5982453511161836,
				195.2621702787518
			],
			"point_on_copied_ray": [
				-399.64601093722945,
				0.5982453511161836,
				195.2621702787518
			],
			"depth": 50.35597696541376,
			"closest_world_distance": 0,
			"reprojection_error_pixels": 6.9081314879611382
		},
		{
			"index": 7,
			"valid": true,
			"error": "",
			"source_pixel_2d": [
				1021,
				789
			],
			"copied_pixel_2d": [
				1055,
				768
			],
			"source_world": [
				-407.04553832428257,
				-49.75083323339976,
				195.57318465061962
			],
			"point_on_extrusion": [
				-406.99618951425106,
				0.60509537020339366,
				195.62253346065114
			],
			"point_on_copied_ray": [
				-406.99618951425106,
				0.60509537020339366,
				195.62253346065114
			],
			"depth": 50.35597696541376,
			"closest_world_distance": 0,
			"reprojection_error_pixels": 6.9081314879609028
		},
		{
			"index": 8,
			"valid": true,
			"error": "",
			"source_pixel_2d": [
				1020,
				659
			],
			"copied_pixel_2d": [
				1054,
				638
			],
			"source_world": [
				-406.07889804866466,
				-49.887494882271483,
				334.05720648894402
			],
			"point_on_extrusion": [
				-406.02954923863314,
				0.46843372133167094,
				334.10655529897554
			],
			"point_on_copied_ray": [
				-406.02954923863314,
				0.46843372133167094,
				334.10655529897554
			],
			"depth": 50.35597696541376,
			"closest_world_distance": 0,
			"reprojection_error_pixels": 6.9081314879609872
		},
		{
			"index": 9,
			"valid": true,
			"error": "",
			"source_pixel_2d": [
				1021,
				636
			],
			"copied_pixel_2d": [
				1055,
				615
			],
			"source_world": [
				-407.1438924950948,
				-49.910873512057435,
				358.97794561502053
			],
			"point_on_extrusion": [
				-407.09454368506329,
				0.44505509154571854,
				359.02729442505205
			],
			"point_on_copied_ray": [
				-407.09454368506329,
				0.44505509154571854,
				359.02729442505205
			],
			"depth": 50.35597696541376,
			"closest_world_distance": 0,
			"reprojection_error_pixels": 6.9081314879610725
		},
		{
			"index": 10,
			"valid": true,
			"error": "",
			"source_pixel_2d": [
				957,
				616
			],
			"copied_pixel_2d": [
				991,
				595
			],
			"source_world": [
				-339.94336179841412,
				-49.975295426386083,
				357.51406219243904
			],
			"point_on_extrusion": [
				-339.8940129883826,
				0.38063317721707079,
				357.56341100247056
			],
			"point_on_copied_ray": [
				-339.8940129883826,
				0.38063317721707079,
				357.56341100247056
			],
			"depth": 50.35597696541376,
			"closest_world_distance": 0,
			"reprojection_error_pixels": 6.9081314879610636
		},
		{
			"index": 11,
			"valid": true,
			"error": "",
			"source_pixel_2d": [
				883,
				590
			],
			"copied_pixel_2d": [
				917,
				569
			],
			"source_world": [
				-262.24459633881577,
				-50.052790557646517,
				358.89196128424697
			],
			"point_on_extrusion": [
				-262.19524752878425,
				0.3031380459566364,
				358.94131009427849
			],