{
  "found": true,
  "used_black": true,
  "side_stroke_id": 35,
  "side_vector": [1.000, 29.000],
  "side_length": 29.017,
  "side_chain_path_length": 29.414,
  "side_chain_start": [1102.000, 202.000],
  "side_chain_end": [1103.000, 231.000],
  "side_seed_direction": [0.034462, 0.999406],
  "side_trace_total_gap": 0.000,
  "side_trace_stop_reason": "bidirectional:first=all_nearby_green_visited,last=all_nearby_green_visited",
  "green_trace_endpoint_tol": 10.000,
  "green_trace_max_chain_deviation_degrees": 45.000,
  "side_chain_stroke_ids": [35],
  "action": "excavate",
  "decision_reason": "inside_greater_than_outside",
  "local_green_count": 1,
  "inside_green_total": 29.414,
  "outside_green_total": 1.414,
  "has_interior_green": true,
  "interior_green_stroke_id": 35,
  "interior_green_inside_points": 30,
  "interior_green_total_points": 30,
  "interior_green_inside_ratio": 1.000000,
  "interior_green_inside_length": 29.414,
  "interior_green_stroke_length": 29.414,
  "interior_green_min_inside_length": 10.000,
  "candidate_source": "local_black",
  "candidate_anchor_stroke_id": 27,
  "side_vectors": [[1.000, 29.000]],
  "side_segments": [[[1102.00, 202.00], [1103.00, 231.00]]],
  "cap_stroke_ids": [31, 32, 33, 34, 68, 92, 76, 71, 28, 27],
  "cap_polygon": [[1103.00, 200.00], [1104.00, 200.00], [1105.00, 200.00], [1106.00, 200.00], [1107.00, 201.00], [1108.00, 201.00], [1109.00, 201.00], [1110.00, 201.00], [1111.00, 201.00], [1112.00, 201.00], [1113.00, 202.00], [1114.00, 202.00], [1115.00, 202.00], [1116.00, 202.00], [1116.00, 203.00], [1117.00, 203.00], [1118.00, 203.00], [1119.00, 204.00], [1120.00, 204.00], [1121.00, 205.00], [1122.00, 205.00], [1123.00, 205.00], [1123.00, 206.00], [1124.00, 206.00], [1125.00, 206.00], [1125.00, 207.00], [1126.00, 207.00], [1127.00, 207.00], [1128.00, 208.00], [1129.00, 208.00], [1130.00, 209.00], [1131.00, 209.00], [1132.00, 209.00], [1132.00, 210.00], [1133.00, 210.00], [1134.00, 210.00], [1135.00, 211.00], [1136.00, 211.00], [1137.00, 211.00], [1137.00, 212.00], [1138.00, 212.00], [1139.00, 212.00], [1140.00, 213.00], [1141.00, 214.00], [1142.00, 214.00], [1143.00, 214.00], [1144.00, 215.00], [1145.00, 215.00], [1146.00, 216.00], [1147.00, 216.00], [1148.00, 216.00], [1149.00, 216.00], [1150.00, 216.00], [1151.00, 216.00], [1152.00, 216.00], [1153.00, 217.00], [1154.00, 217.00], [1155.00, 217.00], [1156.00, 217.00], [1157.00, 217.00], [1158.00, 217.00], [1159.00, 218.00], [1160.00, 218.00], [1161.00, 218.00], [1162.00, 218.00], [1163.00, 219.00], [1164.00, 219.00], [1165.00, 219.00], [1166.00, 220.00], [1167.00, 221.00], [1168.00, 222.00], [1169.00, 222.00], [1170.00, 222.00], [1170.00, 223.00], [1171.00, 223.00], [1172.00, 223.00], [1172.00, 224.00], [1173.00, 224.00], [1174.00, 225.00], [1175.00, 225.00], [1176.00, 226.00], [1177.00, 226.00], [1178.00, 227.00], [1179.00, 227.00], [1180.00, 228.00], [1181.00, 228.00], [1182.00, 228.00], [1183.00, 228.00], [1184.00, 228.00], [1184.00, 229.00], [1184.00, 230.00], [1184.00, 231.00], [1184.00, 232.00], [1184.00, 233.00], [1184.00, 234.00], [1183.00, 235.00], [1183.00, 236.00], [1182.00, 237.00], [1181.00, 238.00], [1180.00, 239.00], [1180.00, 240.00], [1180.00, 241.00], [1179.00, 241.00], [1179.00, 242.00], [1179.00, 243.00], [1178.00, 243.00], [1178.00, 244.00], [1178.00, 245.00], [1177.00, 246.00], [1177.00, 247.00], [1176.00, 248.00], [1176.00, 249.00], [1175.00, 250.00], [1174.00, 250.00], [1173.00, 251.00], [1172.00, 251.00], [1171.00, 252.00], [1170.00, 256.00], [1169.00, 257.00], [1169.00, 258.00], [1169.00, 259.00], [1168.00, 259.00], [1168.00, 260.00], [1168.00, 261.00], [1167.00, 262.00], [1166.00, 263.00], [1165.00, 264.00], [1165.00, 265.00], [1164.00, 266.00], [1163.00, 267.00], [1162.00, 268.00], [1161.00, 269.00], [1161.00, 270.00], [1160.00, 271.00], [1159.00, 271.00], [1158.00, 272.00], [1157.00, 272.00], [1156.00, 273.00], [1155.00, 274.00], [1154.00, 275.00], [1153.00, 276.00], [1153.00, 277.00], [1152.00, 278.00], [1151.00, 279.00], [1150.00, 279.00], [1149.00, 279.00], [1149.00, 280.00], [1148.00, 280.00], [1147.00, 280.00], [1147.00, 281.00], [1146.00, 281.00], [1145.00, 284.00], [1144.00, 284.00], [1143.00, 284.00], [1142.00, 284.00], [1141.00, 284.00], [1140.00, 284.00], [1139.00, 284.00], [1139.00, 285.00], [1138.00, 285.00], [1137.00, 285.00], [1136.00, 284.00], [1135.00, 283.00], [1134.00, 283.00], [1133.00, 283.00], [1132.00, 283.00], [1131.00, 283.00], [1130.00, 283.00], [1130.00, 282.00], [1129.00, 282.00], [1128.00, 282.00], [1127.00, 282.00], [1127.00, 281.00], [1126.00, 281.00], [1125.00, 281.00], [1124.00, 281.00], [1123.00, 281.00], [1123.00, 280.00], [1122.00, 280.00], [1121.00, 280.00], [1120.00, 280.00], [1119.00, 280.00], [1119.00, 279.00], [1118.00, 279.00], [1117.00, 279.00], [1116.00, 279.00], [1115.00, 279.00], [1115.00, 278.00], [1114.00, 278.00], [1113.00, 278.00], [1112.00, 278.00], [1111.00, 278.00], [1111.00, 277.00], [1110.00, 277.00], [1109.00, 277.00], [1108.00, 277.00], [1107.00, 277.00], [1107.00, 276.00], [1106.00, 276.00], [1105.00, 276.00], [1104.00, 276.00], [1103.00, 276.00], [1103.00, 275.00], [1102.00, 275.00], [1101.00, 275.00], [1100.00, 275.00], [1099.00, 275.00], [1099.00, 274.00], [1098.00, 274.00], [1097.00, 274.00], [1096.00, 274.00], [1095.00, 274.00], [1095.00, 273.00], [1094.00, 273.00], [1093.00, 273.00], [1092.00, 273.00], [1091.00, 273.00], [1091.00, 272.00], [1090.00, 272.00], [1089.00, 272.00], [1088.00, 272.00], [1087.00, 272.00], [1087.00, 271.00], [1086.00, 271.00], [1085.00, 271.00], [1084.00, 271.00], [1083.00, 271.00], [1083.00, 270.00], [1082.00, 270.00], [1081.00, 270.00], [1080.00, 270.00], [1080.00, 269.00], [1079.00, 269.00], [1078.00, 269.00], [1077.00, 269.00], [1071.00, 268.00], [1070.00, 267.00], [1069.00, 266.00], [1068.00, 266.00], [1067.00, 266.00], [1066.00, 266.00], [1065.00, 266.00], [1064.00, 266.00], [1064.00, 265.00], [1063.00, 265.00], [1062.00, 265.00], [1061.00, 265.00], [1060.00, 265.00], [1060.00, 264.00], [1059.00, 264.00], [1058.00, 264.00], [1057.00, 264.00], [1056.00, 264.00], [1056.00, 263.00], [1055.00, 263.00], [1054.00, 263.00], [1053.00, 263.00], [1052.00, 263.00], [1052.00, 262.00], [1051.00, 262.00], [1050.00, 262.00], [1049.00, 262.00], [1048.00, 262.00], [1047.00, 261.00], [1046.00, 261.00], [1045.00, 261.00], [1044.00, 261.00], [1043.00, 261.00], [1042.00, 261.00], [1042.00, 255.00], [1042.00, 254.00], [1042.00, 253.00], [1043.00, 253.00], [1043.00, 252.00], [1044.00, 252.00], [1045.00, 251.00], [1046.00, 250.00], [1047.00, 249.00], [1048.00, 249.00], [1049.00, 248.00], [1050.00, 248.00], [1051.00, 247.00], [1052.00, 246.00], [1053.00, 245.00], [1054.00, 244.00], [1055.00, 243.00], [1055.00, 242.00], [1056.00, 241.00], [1057.00, 240.00], [1058.00, 239.00], [1059.00, 238.00], [1059.00, 237.00], [1060.00, 236.00], [1061.00, 235.00], [1062.00, 234.00], [1063.00, 234.00], [1064.00, 233.00], [1065.00, 233.00], [1066.00, 232.00], [1066.00, 231.00], [1067.00, 230.00], [1068.00, 229.00], [1069.00, 228.00], [1070.00, 227.00], [1071.00, 227.00], [1072.00, 226.00], [1073.00, 225.00], [1074.00, 225.00], [1075.00, 224.00], [1076.00, 223.00], [1076.00, 222.00], [1077.00, 221.00], [1078.00, 220.00], [1079.00, 219.00], [1080.00, 218.00], [1081.00, 217.00], [1082.00, 216.00], [1083.00, 216.00], [1084.00, 215.00], [1085.00, 214.00], [1085.00, 213.00], [1086.00, 212.00], [1087.00, 211.00], [1088.00, 210.00], [1089.00, 209.00], [1090.00, 208.00], [1091.00, 208.00], [1092.00, 207.00], [1093.00, 207.00], [1093.00, 206.00], [1094.00, 205.00], [1095.00, 204.00], [1096.00, 204.00], [1097.00, 204.00], [1098.00, 204.00], [1099.00, 203.00], [1100.00, 203.00], [1101.00, 203.00], [1101.00, 202.00], [1102.00, 202.00], [1102.50, 201.00]],