{
	"component": "Component_01",
	"action": "attach",
	"polygon_key": "cap_polygon_translated",
	"success": true,
	"error": "",
	"actor_name": "FromLZ_ReconstructedFace_Press_03_Component_01",
	"cap_width": 2576,
	"cap_height": 1724,
	"faces_width": 2576,
	"faces_height": 1724,
	"cap_mask_pixels": 3556,
	"min_overlap_pixels": 178,
	"green_line_vector_2d": [
		0.039651332408266349,
		0.9992135766883119
	],
	"green_line_vectors_2d": [
		[
			0.039651332408266349,
			0.9992135766883119
		]
	],
	"normal_parallel_threshold_degrees": 30,
	"preferred_normal_angle_threshold_degrees": 10,
	"selected_face_id": 1,
	"selected_plane_hit_3d": [
		470.27974342021793,
		1905.4226533443025,
		8.8266236088290952
	],
	"candidates": [
		{
			"face_id": 1,
			"overlap_pixels": 1816,
			"overlap_ratio": 0.51068616422947133,
			"mask_centroid_2d": [
				1573.1090308370046,
				618.05066079295159
			],
			"has_plane_hit": true,
			"plane_hit_3d": [
				470.27974342021793,
				1905.4226533443025,
				8.8266236088290952
			],
			"distance_to_camera": 1722.3605992596079,
			"has_projected_normal": true,
			"projected_normal_2d": [
				-0.00051900105886602582,
				0.99999986531894158
			],
			"normal_green_angle_degrees": 2.3021863043534392,
			"normal_parallel_pass": true
		},
		{
			"face_id": 2,
			"overlap_pixels": 1740,
			"overlap_ratio": 0.48931383577052867,
			"mask_centroid_2d": [
				1541.7873563218391,
				609.49022988505749
			],
			"has_plane_hit": true,
			"plane_hit_3d": [
				487.92636935850624,
				1876.6255524973797,
				23.263326577683529
			],
			"distance_to_camera": 1697.205398870097,
			"has_projected_normal": true,
			"projected_normal_2d": [
				0.98970333046345016,
				0.14313391516183419
			],
			"normal_green_angle_degrees": 79.498317022159512,
			"normal_parallel_pass": false
		}
	],
	"mesh_vertices_world": [
		[
			490.78300000000002,
			67.625,
			7.048
		],
		[
			488.41000000000003,
			1643.5840000000001,
			8.5860000000000003
		],
		[
			597.05100000000004,
			1900.3330000000001,
			8.9429999999999996
		],
		[
			488.64600000000002,
			1833.075,
			8.7710000000000008
		],
		[
			488.36099999999999,
			2392.8240000000001,
			9.3179999999999996
		],
		[
			100.014,
			2393.864,
			8.9390000000000001
		],
		[
			100.60899999999999,
			1904.3099999999999,
			8.4619999999999997
		],
		[
			0.40000000000000002,
			1946.499,
			8.4049999999999994
		],
		[
			-5.3159999999999998,
			1933.789,
			8.3870000000000005
		],
		[
			-500.334,
			683.32899999999995,
			6.681
		],
		[
			-421.42899999999997,
			791.42899999999997,
			6.8639999999999999
		],
		[
			-353.48599999999999,
			788.274,
			6.9269999999999996
		],
		[
			-480.387,
			506.13099999999997,
			6.5279999999999996
		]
	],
	"mesh_triangles": [
		[
			12,
			0,
			1
		],
		[
			12,
			1,
			2
		],
		[
			12,
			2,
			3
		],
		[
			12,
			3,
			4
		],
		[
			4,
			5,
			6
		],
		[
			6,
			7,
			8
		],
		[
			6,
			8,
			9
		],
		[
			4,
			6,
			9
		],
		[
			4,
			9,
			10
		],
		[
			4,
			10,
			11
		],
		[
			4,
			11,
			12
		]
	]
}