{
	"component": "Component_01",
	"action": "excavate",
	"polygon_key": "cap_polygon",
	"success": true,
	"error": "",
	"actor_name": "FromLZ_ReconstructedFace_Press_03_Component_01",
	"cap_width": 1720,
	"cap_height": 1222,
	"faces_width": 1720,
	"faces_height": 1222,
	"cap_mask_pixels": 80245,
	"min_overlap_pixels": 4013,
	"green_line_vector_2d": [
		-0.89708903366019022,
		0.44184982254904892
	],
	"green_line_vectors_2d": [
		[
			0.95782628522115143,
			-0.28734788556634544
		],
		[
			-0.94868329805051377,
			-0.31622776601683794
		],
		[
			-0.97251149691521388,
			0.23285486545857234
		],
		[
			-0.94868329805051377,
			-0.31622776601683794
		],
		[
			-0.89708903366019022,
			0.44184982254904892
		],
		[
			-0.40613846605344767,
			0.91381154862025726
		]
	],
	"normal_parallel_threshold_degrees": 10,
	"selected_face_id": 1,
	"selected_plane_hit_3d": [
		-264.3889336976211,
		-50.082832257059636,
		363.30862457483431
	],
	"candidates": [
		{
			"face_id": 1,
			"overlap_pixels": 76715,
			"overlap_ratio": 0.95600972023179009,
			"mask_centroid_2d": [
				1143.6408199178777,
				516.8331421495144
			],
			"has_plane_hit": true,
			"plane_hit_3d": [
				-264.3889336976211,
				-50.082832257059636,
				363.30862457483431
			],
			"distance_to_camera": 770.09721577562198,
			"has_projected_normal": true,
			"projected_normal_2d": [
				-0.42613077914749103,
				0.90466157156317428
			],
			"normal_green_angle_degrees": 1.2597700819339215,
			"normal_parallel_pass": true
		}
	],
	"mesh_vertices_world": [
		[
			499.10300000000001,
			-50.963000000000001,
			500.13400000000001
		],
		[
			-499.54599999999999,
			-49.985999999999997,
			499.35199999999998
		],
		[
			-499.48599999999999,
			-49.499000000000002,
			-0.023
		],
		[
			499.16300000000001,
			-50.475000000000001,
			0.75800000000000001
		]
	],
	"mesh_triangles": [
		[
			3,
			0,
			1
		],
		[
			1,
			2,
			3
		]
	]
}