{
	"component": "Component_01",
	"action": "excavate",
	"polygon_key": "cap_polygon",
	"success": true,
	"error": "",
	"actor_name": "FromLZ_ReconstructedFace_Press_03_Component_01",
	"cap_width": 2030,
	"cap_height": 800,
	"faces_width": 2030,
	"faces_height": 800,
	"cap_mask_pixels": 7296,
	"min_overlap_pixels": 365,
	"green_line_vector_2d": [
		0.034462275839778879,
		0.99940599935358754
	],
	"green_line_vectors_2d": [
		[
			0.034462275839778879,
			0.99940599935358754
		]
	],
	"normal_parallel_threshold_degrees": 30,
	"preferred_normal_angle_threshold_degrees": 10,
	"selected_face_id": 2,
	"selected_plane_hit_3d": [
		-753.18491387714778,
		-2357.958308045057,
		494.25318878211999
	],
	"candidates": [
		{
			"face_id": 2,
			"overlap_pixels": 7296,
			"overlap_ratio": 1,
			"mask_centroid_2d": [
				1116.3114035087719,
				243.61869517543857
			],
			"has_plane_hit": true,
			"plane_hit_3d": [
				-753.18491387714778,
				-2357.958308045057,
				494.25318878211999
			],
			"distance_to_camera": 1109.7964588440329,
			"has_projected_normal": true,
			"projected_normal_2d": [
				-0.0016000764271064632,
				0.99999871987689437
			],
			"normal_green_angle_degrees": 2.0666116761730136,
			"normal_parallel_pass": true
		}
	],
	"mesh_vertices_world": [
		[
			-281.596,
			-2840.4430000000002,
			494.28399999999999
		],
		[
			-282.24000000000001,
			-2243.7020000000002,
			492.536
		],
		[
			-1528.8499999999999,
			-2239.8449999999998,
			496.18099999999998
		],
		[
			-1523.174,
			-2835.0120000000002,
			497.91000000000003
		]
	],
	"mesh_triangles": [
		[
			3,
			0,
			1
		],
		[
			1,
			2,
			3
		]
	]
}