{
	"component": "Component_02",
	"action": "attach",
	"polygon_key": "cap_polygon_translated",
	"success": true,
	"error": "",
	"actor_name": "FromLZ_ReconstructedFace_Press_01_Component_02",
	"cap_width": 1716,
	"cap_height": 1273,
	"faces_width": 1716,
	"faces_height": 1273,
	"cap_mask_pixels": 1770,
	"min_overlap_pixels": 89,
	"green_line_vector_2d": [
		-1,
		0
	],
	"green_line_vectors_2d": [
		[
			-0.99861782933250975,
			0.052558833122763673
		],
		[
			-0.70710678118654746,
			0.70710678118654746
		],
		[
			-0.70710678118654746,
			-0.70710678118654746
		],
		[
			-0.99778515785660893,
			-0.06651901052377393
		],
		[
			-0.80000000000000004,
			-0.60000000000000009
		],
		[
			-1,
			0
		],
		[
			-0.99388373467361879,
			0.11043152607484653
		]
	],
	"normal_parallel_threshold_degrees": 30,
	"selected_face_id": 6,
	"selected_plane_hit_3d": [
		229.88761222551742,
		-64.821095148642371,
		240.05986502883036
	],
	"candidates": [
		{
			"face_id": 1,
			"overlap_pixels": 749,
			"overlap_ratio": 0.42316384180790961,
			"mask_centroid_2d": [
				419.17156208277703,
				553.10614152202936
			],
			"has_plane_hit": true,
			"plane_hit_3d": [
				224.84856984331887,
				-50.406652189515512,
				232.8820929276726
			],
			"distance_to_camera": 1040.9878834547721,
			"has_projected_normal": true,
			"projected_normal_2d": [
				-0.74715006881307944,
				0.66465538038340655
			],
			"normal_green_angle_degrees": 3.3441074528507855,
			"normal_parallel_pass": true
		},
		{
			"face_id": 6,
			"overlap_pixels": 1021,
			"overlap_ratio": 0.57683615819209044,
			"mask_centroid_2d": [
				405.94368266405485,
				552.24632713026449
			],
			"has_plane_hit": true,
			"plane_hit_3d": [
				229.88761222551742,
				-64.821095148642371,
				240.05986502883036
			],
			"distance_to_camera": 1034.5438450298263,
			"has_projected_normal": true,
			"projected_normal_2d": [
				-0.94782131679741555,
				-0.31880205680706225
			],
			"normal_green_angle_degrees": 14.776418990502435,
			"normal_parallel_pass": true
		}
	],
	"mesh_vertices_world": [
		[
			229.99000000000001,
			-139.779,
			210.24700000000001
		],
		[
			229.893,
			-139.93700000000001,
			309.61799999999999
		],
		[
			229.80600000000001,
			-51.180999999999997,
			309.64499999999998
		],
		[
			229.90299999999999,
			-51.023000000000003,
			210.274
		]
	],
	"mesh_triangles": [
		[
			3,
			0,
			1
		],
		[
			1,
			2,
			3
		]
	]
}