{
	"component": "Component_02",
	"action": "attach",
	"polygon_key": "cap_polygon_translated",
	"success": true,
	"error": "",
	"actor_name": "FromLZ_ReconstructedFace_Press_01_Component_02",
	"cap_width": 1720,
	"cap_height": 1222,
	"faces_width": 1720,
	"faces_height": 1222,
	"cap_mask_pixels": 42322,
	"min_overlap_pixels": 2117,
	"green_line_vector_2d": [
		0.82404192419936761,
		-0.56652882288706519
	],
	"green_line_vectors_2d": [
		[
			0.82404192419936761,
			-0.56652882288706519
		],
		[
			1,
			0
		],
		[
			0.88813023448368777,
			-0.45959186959295728
		],
		[
			0.44721359549995793,
			-0.89442719099991586
		],
		[
			0.79128500139216706,
			-0.6114475010757654
		],
		[
			0,
			-1
		],
		[
			-1,
			0
		],
		[
			0.72264185714769913,
			-0.69122264596736438
		],
		[
			0,
			-1
		],
		[
			-1,
			0
		],
		[
			0.24253562503633297,
			-0.97014250014533188
		],
		[
			-0.79740638560231603,
			0.60344267018553643
		],
		[
			0,
			-1
		]
	],
	"normal_parallel_threshold_degrees": 10,
	"selected_face_id": 1,
	"selected_plane_hit_3d": [
		158.28032604706408,
		-50.409646415030011,
		275.95201582022958
	],
	"candidates": [
		{
			"face_id": 1,
			"overlap_pixels": 38492,
			"overlap_ratio": 0.90950333160058594,
			"mask_centroid_2d": [
				614.90857840590252,
				551.05273823132075
			],
			"has_plane_hit": true,
			"plane_hit_3d": [
				158.28032604706408,
				-50.409646415030011,
				275.95201582022958
			],
			"distance_to_camera": 855.78670321504603,
			"has_projected_normal": true,
			"projected_normal_2d": [
				0.63608703441862269,
				-0.77161731748614992
			],
			"normal_green_angle_degrees": 6.772375536698104,
			"normal_parallel_pass": true
		},
		{
			"face_id": 6,
			"overlap_pixels": 2272,
			"overlap_ratio": 0.053683663342942202,
			"mask_centroid_2d": [
				526.49911971830988,
				576.90580985915494
			],
			"has_plane_hit": true,
			"plane_hit_3d": [
				229.94992335493214,
				-92.649617278558594,
				259.07523469476308
			],
			"distance_to_camera": 858.49068224991186,
			"has_projected_normal": true,
			"projected_normal_2d": [
				0.99838357740620831,
				0.05683513319753835
			],
			"normal_green_angle_degrees": 3.2581689755157934,
			"normal_parallel_pass": true
		}
	],
	"mesh_vertices_world": [
		[
			499.714,
			-50.962000000000003,
			500.05000000000001
		],
		[
			-499.40600000000001,
			-49.984999999999999,
			499.71600000000001
		],
		[
			-499.30099999999999,
			-49.497,
			0.33800000000000002
		],
		[
			499.81900000000002,
			-50.473999999999997,
			0.67200000000000004
		]
	],
	"mesh_triangles": [
		[
			3,
			0,
			1
		],
		[
			1,
			2,
			3
		]
	]
}