{
	"component": "Component_02",
	"action": "excavate",
	"polygon_key": "cap_polygon",
	"success": true,
	"error": "",
	"actor_name": "FromLZ_ReconstructedFace_Press_01_Component_02",
	"cap_width": 2576,
	"cap_height": 1724,
	"faces_width": 2576,
	"faces_height": 1724,
	"cap_mask_pixels": 123618,
	"min_overlap_pixels": 6181,
	"green_line_vector_2d": [
		0.84894450195086957,
		-0.5284820078369652
	],
	"green_line_vectors_2d": [
		[
			0.84894450195086957,
			-0.5284820078369652
		]
	],
	"normal_parallel_threshold_degrees": 30,
	"preferred_normal_angle_threshold_degrees": 10,
	"selected_face_id": 1,
	"selected_plane_hit_3d": [
		-89.853803733884718,
		-50.134939056883013,
		132.02661687999245
	],
	"candidates": [
		{
			"face_id": 1,
			"overlap_pixels": 123614,
			"overlap_ratio": 0.99996764225274637,
			"mask_centroid_2d": [
				1181.6397738120279,
				1012.4968450175546
			],
			"has_plane_hit": true,
			"plane_hit_3d": [
				-89.853803733884718,
				-50.134939056883013,
				132.02661687999245
			],
			"distance_to_camera": 1660.8269130390984,
			"has_projected_normal": true,
			"projected_normal_2d": [
				0.78648192992913624,
				-0.61761328830825968
			],
			"normal_green_angle_degrees": 6.2391053753886956,
			"normal_parallel_pass": true
		}
	],
	"mesh_vertices_world": [
		[
			599.44899999999996,
			-51.167999999999999,
			499.77800000000002
		],
		[
			-599.88900000000001,
			-49.996000000000002,
			499.25999999999999
		],
		[
			-599.72699999999998,
			-49.508000000000003,
			0.114
		],
		[
			599.61099999999999,
			-50.680999999999997,
			0.63200000000000001
		]
	],
	"mesh_triangles": [
		[
			3,
			0,
			1
		],
		[
			1,
			2,
			3
		]
	]
}