{
	"component": "Component_02",
	"action": "excavate",
	"source_polygon_key": "cap_polygon",
	"copied_polygon_key": "cap_polygon_translated",
	"success": true,
	"error": "",
	"warning": "",
	"actor_name": "FromLZ_ReconstructedSolid_Press_01_Component_02",
	"cap_width": 1716,
	"cap_height": 1273,
	"faces_width": 1716,
	"faces_height": 1273,
	"selected_source_face_id": 6,
	"projection_matrix_available": true,
	"projection_matrix_source": "orthographic_stable_after_wait.final_projection_matrix",
	"projection_validation": "capture camera, faces, and actor/material projection metadata match",
	"projection_viewport_width": 1716,
	"projection_viewport_height": 1273,
	"projection_m00": 0.00096593943328644738,
	"projection_m11": 0.0013020833333333333,
	"projection_m30": 0,
	"projection_m31": 0,
	"projection_horizontal_span": 2070.523193359375,
	"projection_vertical_span": 1536,
	"attach_material_id_lookup_attempted": false,
	"attach_material_id_found": false,
	"attach_material_id_error": "",
	"source_plane_point": [
		279.88900000000001,
		-140.285,
		260.15199999999999
	],
	"source_plane_normal": [
		-0.00097999905880935588,
		-0.99999903960138359,
		-0.00097999905880935588
	],
	"oriented_normal_source_to_copied": [
		0.00097999905880935588,
		0.99999903960138359,
		0.00097999905880935588
	],
	"source_to_copied_vector_2d": [
		15,
		-9
	],
	"projected_oriented_normal_2d": [
		0.77049984604407695,
		-0.6374401832690294
	],
	"extrusion_depth": 35.333924420299269,
	"max_depth_sample_reprojection_error_pixels": 25,
	"mean_source_reprojection_error_pixels": 1.4477451384015639e-13,
	"max_source_reprojection_error_pixels": 2.3437142008433856e-13,
	"mean_copied_reprojection_error_pixels": 2.6271041346388513,
	"max_copied_reprojection_error_pixels": 2.6271041346389876,
	"depth_samples": [
		{
			"index": 0,
			"valid": true,
			"error": "",
			"source_pixel_2d": [
				464,
				386
			],
			"copied_pixel_2d": [
				479,
				377
			],
			"source_world": [
				304.26273416112446,
				-140.33326304062859,
				285.0262664804028
			],
			"point_on_extrusion": [
				304.29736137380041,
				-104.99937255498145,
				285.06089369307875
			],
			"point_on_copied_ray": [
				304.29736137380041,
				-104.99937255498145,
				285.06089369307875
			],
			"depth": 35.333924420299269,
			"closest_world_distance": 0,
			"reprojection_error_pixels": 2.6271041346388788
		},
		{
			"index": 1,
			"valid": true,
			"error": "",
			"source_pixel_2d": [
				458,
				388
			],
			"copied_pixel_2d": [
				473,
				379
			],
			"source_world": [
				312.39500577181417,
				-140.33693572905929,
				280.64163612520815
			],
			"point_on_extrusion": [
				312.42963298449013,
				-105.00304524341215,
				280.67626333788411
			],
			"point_on_copied_ray": [
				312.42963298449013,
				-105.00304524341215,
				280.67626333788411
			],
			"depth": 35.333924420299269,
			"closest_world_distance": 0,
			"reprojection_error_pixels": 2.6271041346388064
		},
		{
			"index": 2,
			"valid": true,
			"error": "",
			"source_pixel_2d": [
				455,
				426
			],
			"copied_pixel_2d": [
				470,
				417
			],
			"source_world": [
				316.48585938998849,
				-140.29051852997088,
				229.1862936415356
			],
			"point_on_extrusion": [
				316.52048660266445,
				-104.95662804432374,
				229.22092085421153
			],
			"point_on_copied_ray": [
				316.52048660266445,
				-104.95662804432374,
				229.22092085421153
			],
			"depth": 35.333924420299269,
			"closest_world_distance": 0,
			"reprojection_error_pixels": 2.6271041346389876
		},
		{
			"index": 3,
			"valid": true,
			"error": "",
			"source_pixel_2d": [
				461,
				426
			],
			"copied_pixel_2d": [
				476,
				417
			],
			"source_world": [
				308.35492387728948,
				-140.28423754190237,
				230.90805765586117
			],
			"point_on_extrusion": [
				308.38955108996544,
				-104.95034705625523,
				230.9426848685371
			],
			"point_on_copied_ray": [
				308.38955108996544,
				-104.95034705625523,
				230.9426848685371
			],
			"depth": 35.333924420299269,
			"closest_world_distance": 0,
			"reprojection_error_pixels": 2.6271041346387838
		},
		{
			"index": 4,
			"valid": true,
			"error": "",
			"source_pixel_2d": [
				495,
				436
			],
			"copied_pixel_2d": [
				510,
				427
			],
			"source_world": [
				262.28630312861418,
				-140.23560377799129,
				227.35038869936295
			],
			"point_on_extrusion": [
				262.32093034129014,
				-104.90171329234414,
				227.38501591203888
			],
			"point_on_copied_ray": [
				262.32093034129014,
				-104.90171329234414,
				227.38501591203888
			],
			"depth": 35.333924420299269,
			"closest_world_distance": 0,
			"reprojection_error_pixels": 2.6271041346388788
		},
		{
			"index": 5,
			"valid": true,
			"error": "",
			"source_pixel_2d": [
				501,
				394
			],
			"copied_pixel_2d": [
				516,
				385
			],
			"source_world": [
				254.12730955810889,
				-140.2840970823213,
				284.99234587193627
			],
			"point_on_extrusion": [
				254.16193677078482,
				-104.95020659667415,
				285.02697308461222
			],
			"point_on_copied_ray": [
				254.16193677078482,
				-104.95020659667415,
				285.02697308461222
			],
			"depth": 35.333924420299269,
			"closest_world_distance": 0,
			"reprojection_error_pixels": 2.6271041346389228
		},
		{
			"index": 6,
			"valid": true,
			"error": "",
			"source_pixel_2d": [
				490,
				392
			],
			"copied_pixel_2d": [
				505,
				383
			],
			"source_world": [
				269.03268856673333,
				-140.29822052675161,
				284.49864485320791
			],
			"point_on_extrusion": [
				269.06731577940928,
				-104.96433004110446,
				284.53327206588386
			],
			"point_on_copied_ray": [
				269.06731577940928,
				-104.96433004110446,
				284.53327206588386
			],
			"depth": 35.333924420299269,
			"closest_world_distance": 0,
			"reprojection_error_pixels": 2.6271041346388424
		},
		{
			"index": 7,
			"valid": true,
			"error": "",
			"source_pixel_2d": [
				477.5,
				388
			],
			"copied_pixel_2d": [
				492.5,
				379
			],
			"source_world": [
				285.96946535554173,
				-140.31652251783692,
				286.237369171767
			],
			"point_on_extrusion": [
				286.00409256821769,
				-104.98263203218977,
				286.27199638444296
			],
			"point_on_copied_ray": [
				286.00409256821769,
				-104.98263203218977,
				286.27199638444296
			],
			"depth": 35.333924420299269,
			"closest_world_distance": 0,
			"reprojection_error_pixels": 2.6271041346387114
		}
	],
	"source_loop_2d": [
		[
			477.5,
			388
		],
		[
			490,
			392
		],
		[
			501,
			394
		],
		[
			495,
			436
		],
		[
			461,
			426
		],
		[
			455,
			426
		],
		[
			458,
			388
		],
		[
			464,
			386
		]
	],
	"copied_target_loop_2d": [
		[
			492.5,
			379
		],
		[
			505,
			383
		],
		[
			516,
			385
		],
		[
			510,
			427
		],
		[
			476,
			417
		],
		[
			470,
			417
		],
		[
			473,
			379
		],
		[
			479,
			377
		]
	],
	"reprojected_source_loop_2d": [
		[
			477.49999999999989,
			388.00000000000011
		],
		[
			489.99999999999989,
			391.99999999999994
		],
		[
			500.99999999999994,
			393.99999999999994
		],
		[
			494.99999999999989,
			436
		],
		[
			460.99999999999977,
			426.00000000000006
		],
		[
			454.99999999999977,
			425.99999999999994
		],
		[
			457.99999999999994,
			388.00000000000011
		],
		[
			463.99999999999994,
			385.99999999999994
		]
	],
	"reprojected_copied_loop_2d": [
		[
			490.825378258949,
			376.97581666871918
		],
		[
			503.325378258949,
			380.97581666871901
		],
		[
			514.32537825894894,
			382.97581666871895
		],
		[
			508.32537825894894,
			424.97581666871901
		],
		[
			474.32537825894889,
			414.97581666871918
		],
		[
			468.32537825894877,
			414.97581666871901
		],
		[
			471.32537825894906,
			376.97581666871901
		],
		[
			477.32537825894894,
			374.97581666871901
		]
	],