{
  "found": true,
  "used_black": false,
  "side_stroke_id": 110,
  "side_vector": [-12.000, 5.000],
  "side_length": 13.000,
  "side_chain_path_length": 14.657,
  "side_chain_start": [1052.000, 321.000],
  "side_chain_end": [1040.000, 326.000],
  "side_seed_direction": [-0.874157, 0.485643],
  "side_trace_total_gap": 0.000,
  "side_trace_stop_reason": "bidirectional:first=all_nearby_green_visited,last=no_chain_direction_match",
  "green_trace_endpoint_tol": 10.000,
  "green_trace_max_chain_deviation_degrees": 45.000,
  "side_chain_stroke_ids": [110, 111],
  "action": "attach",
  "decision_reason": "outside_greater_than_inside",
  "local_green_count": 3,
  "inside_green_total": 0.000,
  "outside_green_total": 24.071,
  "has_interior_green": false,
  "interior_green_stroke_id": 110,
  "interior_green_inside_points": 0,
  "interior_green_total_points": 11,
  "interior_green_inside_ratio": 0.000000,
  "interior_green_inside_length": 0.000,
  "interior_green_stroke_length": 11.657,
  "interior_green_min_inside_length": 10.000,
  "candidate_source": "red_only",
  "candidate_anchor_stroke_id": 66,
  "side_vectors": [[-12.000, 5.000]],
  "side_segments": [[[1052.00, 321.00], [1040.00, 326.00]]],
  "cap_stroke_ids": [65, 68, 206, 66],
  "cap_polygon": [[1051.00, 268.00], [1050.00, 268.00], [1049.00, 268.00], [1048.00, 268.00], [1047.00, 269.00], [1046.00, 269.00], [1045.00, 269.00], [1044.00, 269.00], [1044.00, 273.00], [1044.00, 274.00], [1044.00, 275.00], [1044.00, 276.00], [1044.00, 277.00], [1044.00, 278.00], [1044.00, 279.00], [1044.00, 280.00], [1048.00, 283.00], [1057.00, 276.00], [1056.00, 275.00], [1055.00, 274.00], [1054.00, 273.00], [1054.00, 272.00], [1053.00, 271.00], [1052.00, 270.00], [1051.00, 269.00], [1051.00, 268.00], [1051.00, 268.00]],
  "cap_polygon_translated": [[1039.00, 273.00], [1038.00, 273.00], [1037.00, 273.00], [1036.00, 273.00], [1035.00, 274.00], [1034.00, 274.00], [1033.00, 274.00], [1032.00, 274.00], [1032.00, 278.00], [1032.00, 279.00], [1032.00, 280.00], [1032.00, 281.00], [1032.00, 282.00], [1032.00, 283.00], [1032.00, 284.00], [1032.00, 285.00], [1036.00, 288.00], [1045.00, 281.00], [1044.00, 280.00], [1043.00, 279.00], [1042.00, 278.00], [1042.00, 277.00], [1041.00, 276.00], [1040.00, 275.00], [1039.00, 274.00], [1039.00, 273.00], [1039.00, 273.00]]
}
