{
	"component": "Component_01",
	"action": "excavate",
	"polygon_key": "cap_polygon",
	"success": false,
	"error": "No 5% mask-overlap candidate passed the 10 degree normal-to-green-line parallel filter",
	"actor_name": "FromLZ_ReconstructedFace_Press_02_Component_01",
	"cap_width": 1720,
	"cap_height": 1222,
	"faces_width": 1720,
	"faces_height": 1222,
	"cap_mask_pixels": 80070,
	"min_overlap_pixels": 4004,
	"green_line_vector_2d": [
		-0.89708903366019022,
		0.44184982254904892
	],
	"green_line_vectors_2d": [
		[
			0.98639392383214375,
			-0.16439898730535729
		],
		[
			0.44721359549995793,
			-0.89442719099991586
		],
		[
			0.94568659930486665,
			-0.32507976851104792
		],
		[
			-0.94868329805051377,
			-0.31622776601683794
		],
		[
			-0.97251149691521388,
			0.23285486545857234
		],
		[
			-0.94868329805051377,
			-0.31622776601683794
		],
		[
			-0.89708903366019022,
			0.44184982254904892
		],
		[
			-0.40613846605344767,
			0.91381154862025726
		]
	],
	"normal_parallel_threshold_degrees": 10,
	"selected_face_id": -1,
	"selected_plane_hit_3d": [
		0,
		0,
		0
	],
	"candidates": [
		{
			"face_id": 1,
			"overlap_pixels": 72853,
			"overlap_ratio": 0.90986636692893719,
			"mask_centroid_2d": [
				1139.4898837384872,
				523.07701124181574
			],
			"has_plane_hit": true,
			"plane_hit_3d": [
				-349.09706941023467,
				-50.001677707469639,
				374.38807703229605
			],
			"distance_to_camera": 606.29682180171858,
			"has_projected_normal": true,
			"projected_normal_2d": [
				-0.72577630081399058,
				0.6879307822570232
			],
			"normal_green_angle_degrees": 17.244567952310437,
			"normal_parallel_pass": false
		},
		{
			"face_id": 2,
			"overlap_pixels": 4759,
			"overlap_ratio": 0.059435493942800052,
			"mask_centroid_2d": [
				1205.315087203194,
				377.68470266862784
			],
			"has_plane_hit": true,
			"plane_hit_3d": [
				-396.57058390656789,
				-1.3785069935409524,
				499.67031859091787
			],
			"distance_to_camera": 661.54625538983805,
			"has_projected_normal": true,
			"projected_normal_2d": [
				-0.00070587066698661702,
				0.99999975087326975
			],
			"normal_green_angle_degrees": 23.922045561119234,
			"normal_parallel_pass": false
		}
	],
	"mesh_vertices_world": [],
	"mesh_triangles": []
}