{
	"component": "Component_01",
	"action": "excavate",
	"polygon_key": "cap_polygon",
	"success": true,
	"error": "",
	"actor_name": "FromLZ_ReconstructedFace_Press_02_Component_01",
	"cap_width": 2576,
	"cap_height": 1724,
	"faces_width": 2576,
	"faces_height": 1724,
	"cap_mask_pixels": 109286,
	"min_overlap_pixels": 5465,
	"green_line_vector_2d": [
		-0.97618706018395263,
		-0.21693045781865616
	],
	"green_line_vectors_2d": [
		[
			-0.97618706018395263,
			-0.21693045781865616
		]
	],
	"normal_parallel_threshold_degrees": 30,
	"preferred_normal_angle_threshold_degrees": 10,
	"selected_face_id": 0,
	"selected_plane_hit_3d": [
		500.17125700021222,
		920.31803959432352,
		265.5868173320406
	],
	"candidates": [
		{
			"face_id": 0,
			"overlap_pixels": 109286,
			"overlap_ratio": 1,
			"mask_centroid_2d": [
				852.33369324524642,
				625.47566934465533
			],
			"has_plane_hit": true,
			"plane_hit_3d": [
				500.17125700021222,
				920.31803959432352,
				265.5868173320406
			],
			"distance_to_camera": 919.59676311831333,
			"has_projected_normal": true,
			"projected_normal_2d": [
				-0.97887833287342652,
				-0.20444365832899125
			],
			"normal_green_angle_degrees": 0.73187442728837826,
			"normal_parallel_pass": true
		}
	],
	"mesh_vertices_world": [
		[
			498.47899999999998,
			2416.8800000000001,
			499.92399999999998
		],
		[
			498.90899999999999,
			2417.4279999999999,
			59.170000000000002
		],
		[
			499.322,
			1995.5830000000001,
			58.280000000000001
		],
		[
			499.166,
			2200.0830000000001,
			13.452999999999999
		],
		[
			499.18299999999999,
			2195.7800000000002,
			0.52100000000000002
		],
		[
			501.12200000000001,
			211.81200000000001,
			-0.33600000000000002
		],
		[
			501.04899999999998,
			211.71899999999999,
			74.509
		],
		[
			501.08600000000001,
			162.75399999999999,
			85.944999999999993
		],
		[
			500.88900000000001,
			-16.247,
			466.16699999999997
		],
		[
			500.86700000000002,
			-16.274999999999999,
			489.267
		],
		[
			500.678,
			229.98699999999999,
			436.399
		],
		[
			500.79000000000002,
			52.82,
			499.375
		]
	],
	"mesh_triangles": [
		[
			11,
			0,
			1
		],
		[
			11,
			1,
			2
		],
		[
			2,
			3,
			4
		],
		[
			11,
			2,
			4
		],
		[
			4,
			5,
			6
		],
		[
			4,
			6,
			7
		],
		[
			4,
			7,
			8
		],
		[
			4,
			8,
			9
		],
		[
			4,
			9,
			10
		],
		[
			4,
			10,
			11
		]
	]
}