{
	"component": "Component_01",
	"action": "excavate",
	"polygon_key": "cap_polygon",
	"success": true,
	"error": "",
	"actor_name": "FromLZ_ReconstructedFace_Press_02_Component_01",
	"cap_width": 1716,
	"cap_height": 1273,
	"faces_width": 1716,
	"faces_height": 1273,
	"cap_mask_pixels": 13542,
	"min_overlap_pixels": 678,
	"green_line_vector_2d": [
		-0.92684963229260442,
		0.37543276244763724
	],
	"green_line_vectors_2d": [
		[
			-0.81748243313097291,
			0.57595353243318548
		],
		[
			-0.44721359549995793,
			0.89442719099991586
		],
		[
			-0.92684963229260442,
			0.37543276244763724
		],
		[
			-0.44721359549995793,
			0.89442719099991586
		]
	],
	"normal_parallel_threshold_degrees": 30,
	"selected_face_id": 1,
	"selected_plane_hit_3d": [
		-430.55943874150569,
		-49.659184705567895,
		57.686648504681671
	],
	"candidates": [
		{
			"face_id": 1,
			"overlap_pixels": 13542,
			"overlap_ratio": 1,
			"mask_centroid_2d": [
				1033.8443361394181,
				862.64983015802682
			],
			"has_plane_hit": true,
			"plane_hit_3d": [
				-430.55943874150569,
				-49.659184705567895,
				57.686648504681671
			],
			"distance_to_camera": 905.86849661066674,
			"has_projected_normal": true,
			"projected_normal_2d": [
				-0.92879218776846806,
				0.37060096052258568
			],
			"normal_green_angle_degrees": 0.29837787561485696,
			"normal_parallel_pass": true
		}
	],
	"mesh_vertices_world": [
		[
			498.036,
			-51,
			499.69299999999998
		],
		[
			-498.89499999999998,
			-50.026000000000003,
			499.66000000000003
		],
		[
			-498.45100000000002,
			-49.539000000000001,
			0.16500000000000001
		],
		[
			497.26999999999998,
			-50.512,
			0.51400000000000001
		]
	],
	"mesh_triangles": [
		[
			3,
			0,
			1
		],
		[
			1,
			2,
			3
		]
	]
}