{
	"component": "Component_01",
	"action": "attach",
	"polygon_key": "cap_polygon_translated",
	"success": true,
	"error": "",
	"actor_name": "FromLZ_ReconstructedFace_Press_02_Component_01",
	"cap_width": 2030,
	"cap_height": 800,
	"faces_width": 2030,
	"faces_height": 800,
	"cap_mask_pixels": 124,
	"min_overlap_pixels": 7,
	"green_line_vector_2d": [
		-0.92307692307692313,
		0.38461538461538464
	],
	"green_line_vectors_2d": [
		[
			-0.92307692307692313,
			0.38461538461538464
		]
	],
	"normal_parallel_threshold_degrees": 30,
	"preferred_normal_angle_threshold_degrees": 10,
	"selected_face_id": 2,
	"selected_plane_hit_3d": [
		-863.4906205540359,
		-2238.8782983977453,
		478.378027276328
	],
	"candidates": [
		{
			"face_id": 2,
			"overlap_pixels": 122,
			"overlap_ratio": 0.9838709677419355,
			"mask_centroid_2d": [
				1036.9180327868853,
				280.26229508196724
			],
			"has_plane_hit": true,
			"plane_hit_3d": [
				-863.4906205540359,
				-2238.8782983977453,
				478.378027276328
			],
			"distance_to_camera": 1005.7496053014224,
			"has_projected_normal": true,
			"projected_normal_2d": [
				-0.65058817569975214,
				0.7594307247140244
			],
			"normal_green_angle_degrees": 26.794172560665299,
			"normal_parallel_pass": true
		}
	],
	"mesh_vertices_world": [
		[
			-5.2649999999999997,
			-2240.3719999999998,
			1.4790000000000001
		],
		[
			-103.41,
			-2240.4690000000001,
			1.1220000000000001
		],
		[
			-105.405,
			-2240.125,
			71.909000000000006
		],
		[
			-1357.287,
			-2241.3629999999998,
			68.995000000000005
		],
		[
			-1324.442,
			-2241.0880000000002,
			118.506
		],
		[
			-1180.491,
			-2240.933,
			121.5
		],
		[
			-1186.241,
			-2239.4659999999999,
			422.76400000000001
		],
		[
			-1328.01,
			-2239.6149999999998,
			420.601
		],
		[
			-1330.6479999999999,
			-2240.4670000000001,
			246.90000000000001
		],
		[
			-1356.826,
			-2240.5050000000001,
			244.33500000000001
		],
		[
			-1459.7909999999999,
			-2241.46,
			69.444999999999993
		],
		[
			-1529.5809999999999,
			-2241.5259999999998,
			70.013999999999996
		],
		[
			-1528.4639999999999,
			-2239.4479999999999,
			494.78100000000001
		],
		[
			-280.94799999999998,
			-2238.223,
			496.03199999999998
		],
		[
			-281.53800000000001,
			-2239.3220000000001,
			271.30099999999999
		],
		[
			-652.30399999999997,
			-2239.6869999999999,
			270.77300000000002
		],
		[
			-658.64599999999996,
			-2239.319,
			347.30599999999998
		],
		[
			-852.75199999999995,
			-2239.5079999999998,
			347.423
		],
		[
			-855.39599999999996,
			-2240.3719999999998,
			171.25200000000001
		],
		[
			-718,
			-2240.248,
			169.28299999999999
		],
		[
			-720.28700000000003,
			-2240.4470000000001,
			128.93799999999999
		],
		[
			-349.52100000000002,
			-2240.0819999999999,
			129.465
		],
		[
			-321.06299999999999,
			-2239.857,
			169.905
		],
		[
			-4.8239999999999998,
			-2239.5500000000002,
			169.411
		]
	],
	"mesh_triangles": [
		[
			23,
			0,
			1
		],
		[
			23,
			1,
			2
		],
		[
			2,
			3,
			4
		],
		[
			2,
			4,
			5
		],
		[
			7,
			8,
			9
		],
		[
			7,
			9,
			10
		],
		[
			7,
			10,
			11
		],
		[
			7,
			11,
			12
		],
		[
			6,
			7,
			12
		],
		[
			6,
			12,
			13
		],
		[
			13,
			14,
			15
		],
		[
			13,
			15,
			16
		],
		[
			6,
			13,
			16
		],
		[
			6,
			16,
			17
		],
		[
			5,
			6,
			17
		],
		[
			5,
			17,
			18
		],
		[
			5,
			18,
			19
		],
		[
			5,
			19,
			20
		],
		[
			2,
			5,
			20
		],
		[
			2,
			20,
			21
		],
		[
			23,
			2,
			21
		],
		[
			21,
			22,
			23
		]
	]
}