{
	"component": "Component_01",
	"action": "excavate",
	"source_polygon_key": "cap_polygon",
	"copied_polygon_key": "cap_polygon_translated_opposite",
	"success": true,
	"error": "",
	"warning": "",
	"actor_name": "FromLZ_ReconstructedSolid_Press_02_Component_01",
	"cap_width": 1716,
	"cap_height": 1273,
	"faces_width": 1716,
	"faces_height": 1273,
	"selected_source_face_id": 1,
	"attach_material_id_lookup_attempted": false,
	"attach_material_id_found": false,
	"attach_material_id_error": "",
	"source_plane_point": [
		-15.689,
		-50.255000000000003,
		250.791
	],
	"source_plane_normal": [
		-0.00097999905880935588,
		-0.99999903960138359,
		-0.00097999905880935588
	],
	"oriented_normal_source_to_copied": [
		0.00097999905880935588,
		0.99999903960138359,
		0.00097999905880935588
	],
	"source_to_copied_vector_2d": [
		79,
		-32
	],
	"projected_oriented_normal_2d": [
		0.92879218776846784,
		-0.37060096052258562
	],
	"extrusion_depth": 105.32434070286079,
	"max_depth_sample_reprojection_error_pixels": 63.926227012080105,
	"mean_copied_reprojection_error_pixels": 0.4438741273067271,
	"max_copied_reprojection_error_pixels": 0.44387412730677989,
	"depth_samples": [
		{
			"index": 0,
			"valid": true,
			"error": "",
			"source_pixel_2d": [
				1037,
				804
			],
			"copied_pixel_2d": [
				1116,
				772
			],
			"source_world": [
				-434.4285139878408,
				-49.711580333075858,
				115.02064977973134
			],
			"point_on_extrusion": [
				-434.32529623308227,
				55.612659216433855,
				115.12386753448986
			],
			"point_on_copied_ray": [
				-434.32529623308227,
				55.612659216433855,
				115.12386753448986
			],
			"depth": 105.32434070286079,
			"closest_world_distance": 0,
			"reprojection_error_pixels": 0.44387412730675857
		},
		{
			"index": 1,
			"valid": true,
			"error": "",
			"source_pixel_2d": [
				1016,
				800
			],
			"copied_pixel_2d": [
				1095,
				768
			],
			"source_world": [
				-409.01887147160335,
				-49.733746530777239,
				112.22957634646548
			],
			"point_on_extrusion": [
				-408.91565371684482,
				55.590493018732474,
				112.332794101224
			],
			"point_on_copied_ray": [
				-408.91565371684482,
				55.590493018732474,
				112.332794101224
			],
			"depth": 105.32434070286079,
			"closest_world_distance": 0,
			"reprojection_error_pixels": 0.44387412730677989
		},
		{
			"index": 2,
			"valid": true,
			"error": "",
			"source_pixel_2d": [
				975,
				786
			],
			"copied_pixel_2d": [
				1054,
				754
			],
			"source_world": [
				-359.41487441022969,
				-49.78284564610658,
				112.72671737634511
			],
			"point_on_extrusion": [
				-359.31165665547115,
				55.541393903403133,
				112.82993513110362
			],
			"point_on_copied_ray": [
				-359.31165665547115,
				55.541393903403133,
				112.82993513110362
			],
			"depth": 105.32434070286079,
			"closest_world_distance": 0,
			"reprojection_error_pixels": 0.4438741273066743
		},
		{
			"index": 3,
			"valid": true,
			"error": "",
			"source_pixel_2d": [
				976,
				796
			],
			"copied_pixel_2d": [
				1055,
				764
			],
			"source_world": [
				-360.61645101186764,
				-49.772564080967072,
				103.43690097843415
			],
			"point_on_extrusion": [
				-360.51323325710911,
				55.551675468542641,
				103.54011873319267
			],
			"point_on_copied_ray": [
				-360.51323325710911,
				55.551675468542641,
				103.54011873319267
			],
			"depth": 105.32434070286079,
			"closest_world_distance": 0,
			"reprojection_error_pixels": 0.4438741273066743
		},
		{
			"index": 4,
			"valid": true,
			"error": "",
			"source_pixel_2d": [
				975,
				805
			],
			"copied_pixel_2d": [
				1054,
				773
			],
			"source_world": [
				-359.39859215899196,
				-49.764975807590417,
				94.475906026837606
			],
			"point_on_extrusion": [
				-359.29537440423343,
				55.559263741919295,
				94.579123781596124
			],
			"point_on_copied_ray": [
				-359.29537440423343,
				55.559263741919295,
				94.579123781596124
			],
			"depth": 105.32434070286079,
			"closest_world_distance": 0,
			"reprojection_error_pixels": 0.4438741273066743
		},
		{
			"index": 5,
			"valid": true,
			"error": "",
			"source_pixel_2d": [
				977,
				902
			],
			"copied_pixel_2d": [
				1056,
				870
			],
			"source_world": [
				-361.73575939672548,
				-49.671992805429454,
				1.9324588145901203
			],
			"point_on_extrusion": [
				-361.63254164196695,
				55.652246744080259,
				2.0356765693486398
			],
			"point_on_copied_ray": [
				-361.63254164196695,
				55.652246744080259,
				2.0356765693486398
			],
			"depth": 105.32434070286079,
			"closest_world_distance": 0,
			"reprojection_error_pixels": 0.44387412730677989
		},
		{
			"index": 6,
			"valid": true,
			"error": "",
			"source_pixel_2d": [
				1090,
				940
			],
			"copied_pixel_2d": [
				1169,
				908
			],
			"source_world": [
				-498.44971634768626,
				-49.537221400438511,
				1.1245739381288899
			],
			"point_on_extrusion": [
				-498.34649859292773,
				55.787018149071201,
				1.2277916928874095
			],
			"point_on_copied_ray": [
				-498.34649859292773,
				55.787018149071201,
				1.2277916928874095
			],
			"depth": 105.32434070286079,
			"closest_world_distance": 0,
			"reprojection_error_pixels": 0.44387412730677989
		},
		{
			"index": 7,
			"valid": true,
			"error": "",
			"source_pixel_2d": [
				1090,
				819
			],
			"copied_pixel_2d": [
				1169,
				787
			],
			"source_world": [
				-498.55340857925324,
				-49.65102405625305,
				117.3534251639403
			],
			"point_on_extrusion": [
				-498.45019082449471,
				55.673215493256663,
				117.45664291869882
			],
			"point_on_copied_ray": [
				-498.45019082449471,
				55.673215493256663,
				117.45664291869882
			],
			"depth": 105.32434070286079,
			"closest_world_distance": 0,
			"reprojection_error_pixels": 0.44387412730669568
		}
	],
	"source_loop_2d": [
		[
			1090,
			819
		],
		[
			1090,
			940
		],
		[
			977,
			902
		],
		[
			975,
			805
		],
		[
			976,
			796
		],
		[
			975,
			786
		],
		[
			1016,
			800
		],
		[
			1037,
			804
		]
	],
	"copied_target_loop_2d": [
		[
			1169,
			787
		],
		[
			1169,
			908
		],
		[
			1056,
			870
		],
		[
			1054,
			773
		],
		[
			1055,
			764
		],
		[
			1054,
			754
		],
		[
			1095,
			768
		],
		[
			1116,
			772
		]
	],
	"reprojected_source_loop_2d": [
		[
			1090,
			819
		],
		[
			1090,
			940.00000000000023
		],
		[
			977,
			902.00000000000023
		],
		[
			974.99999999999977,
			805
		],
		[
			976,
			796
		],
		[
			975,
			786.00000000000011
		],
		[
			1016,
			800.00000000000023
		],
		[
			1037,
			804.00000000000011
		]
	],
	"reprojected_copied_loop_2d": [
		[
			1169.1645001779307,
			787.41226682179513
		],
		[
			1169.1645001779309,
			908.41226682179513
		],
		[
			1056.1645001779309,
			870.41226682179513
		],
		[
			1054.1645001779309,
			773.41226682179501
		],
		[
			1055.1645001779309,
			764.41226682179501
		],
		[
			1054.1645001779309,
			754.41226682179501
		],
		[
			1095.1645001779309,
			768.41226682179513
		],
		[
			1116.1645001779311,
			772.41226682179501
		]
	],
	"source_loop_world": [
		[
			-498.55340857925324,
			-49.65102405625305,
			117.3534251639403
		],
		[
			-498.44971634768626,
			-49.537221400438511,
			1.1245739381288899
		],
		[
			-361.73575939672548,
			-49.671992805429454,
			1.9324588145901203
		],
		[
			-359.39859215899196,
			-49.764975807590417,
			94.475906026837606
		],
		[
			-360.61645101186764,
			-49.772564080967072,
			103.43690097843415
		],
		[
			-359.41487441022969,
			-49.78284564610658,
			112.72671737634511
		],
		[
			-409.01887147160335,
			-49.733746530777239,
			112.22957634646548
		],
		[
			-434.4285139878408,
			-49.711580333075858,
			115.02064977973134
		]
	],