{
  "found": true,
  "used_black": false,
  "side_stroke_id": 1454,
  "side_vector": [0.000, 37.000],
  "side_length": 37.000,
  "side_chain_path_length": 37.000,
  "side_chain_start": [883.000, 100.000],
  "side_chain_end": [883.000, 137.000],
  "side_seed_direction": [0.000000, 1.000000],
  "side_trace_total_gap": 0.000,
  "side_trace_stop_reason": "bidirectional:first=no_chain_direction_match,last=no_chain_direction_match",
  "green_trace_endpoint_tol": 10.000,
  "green_trace_max_chain_deviation_degrees": 45.000,
  "side_chain_stroke_ids": [1454],
  "action": "attach",
  "decision_reason": "outside_greater_than_inside",
  "local_green_count": 7,
  "inside_green_total": 56.000,
  "outside_green_total": 226.000,
  "has_interior_green": false,
  "interior_green_stroke_id": 1446,
  "interior_green_inside_points": 6,
  "interior_green_total_points": 36,
  "interior_green_inside_ratio": 0.166667,
  "interior_green_inside_length": 5.000,
  "interior_green_stroke_length": 35.000,
  "interior_green_min_inside_length": 10.000,
  "candidate_source": "red_only",
  "candidate_anchor_stroke_id": 3819,
  "side_vectors": [[0.000, 37.000]],
  "side_segments": [[[883.00, 100.00], [883.00, 137.00]]],
  "cap_stroke_ids": [3678, 3819],
  "cap_polygon": [[878.00, 106.00], [879.00, 106.00], [880.00, 106.00], [881.00, 106.00], [882.00, 106.00], [883.00, 106.00], [884.00, 106.00], [885.00, 106.00], [886.00, 106.00], [886.00, 112.00], [885.00, 112.00], [884.00, 112.00], [883.00, 112.00], [882.00, 112.00], [881.00, 112.00], [880.00, 112.00], [879.00, 112.00], [878.00, 112.00], [874.82, 109.00]],
  "cap_polygon_translated": [[878.00, 143.00], [879.00, 143.00], [880.00, 143.00], [881.00, 143.00], [882.00, 143.00], [883.00, 143.00], [884.00, 143.00], [885.00, 143.00], [886.00, 143.00], [886.00, 149.00], [885.00, 149.00], [884.00, 149.00], [883.00, 149.00], [882.00, 149.00], [881.00, 149.00], [880.00, 149.00], [879.00, 149.00], [878.00, 149.00], [874.82, 146.00]]
}
