{
	"component": "Component_01",
	"action": "excavate",
	"polygon_key": "cap_polygon",
	"success": false,
	"error": "No 5% mask-overlap candidate passed the 10 degree normal-to-green-line parallel filter",
	"actor_name": "FromLZ_ReconstructedFace_Press_01_Component_01",
	"cap_width": 1720,
	"cap_height": 1222,
	"faces_width": 1720,
	"faces_height": 1222,
	"cap_mask_pixels": 80245,
	"min_overlap_pixels": 4013,
	"green_line_vector_2d": [
		-0.89708903366019022,
		0.44184982254904892
	],
	"green_line_vectors_2d": [
		[
			0.95782628522115143,
			-0.28734788556634544
		],
		[
			-0.94868329805051377,
			-0.31622776601683794
		],
		[
			-0.97251149691521388,
			0.23285486545857234
		],
		[
			-0.94868329805051377,
			-0.31622776601683794
		],
		[
			-0.89708903366019022,
			0.44184982254904892
		],
		[
			-0.40613846605344767,
			0.91381154862025726
		]
	],
	"normal_parallel_threshold_degrees": 10,
	"selected_face_id": -1,
	"selected_plane_hit_3d": [
		0,
		0,
		0
	],
	"candidates": [
		{
			"face_id": 1,
			"overlap_pixels": 80245,
			"overlap_ratio": 1,
			"mask_centroid_2d": [
				1146.2238955698174,
				509.88579350738365
			],
			"has_plane_hit": true,
			"plane_hit_3d": [
				-326.96868681981152,
				-49.998100726041116,
				341.25644808615158
			],
			"distance_to_camera": 760.67032417957546,
			"has_projected_normal": true,
			"projected_normal_2d": [
				-0.63608703441862269,
				0.77161731748614992
			],
			"normal_green_angle_degrees": 15.538165508780445,
			"normal_parallel_pass": false
		}
	],
	"mesh_vertices_world": [],
	"mesh_triangles": []
}