{
	"component": "Component_01",
	"action": "attach",
	"polygon_key": "cap_polygon_translated",
	"success": true,
	"error": "",
	"actor_name": "FromLZ_ReconstructedFace_Press_01_Component_01",
	"cap_width": 1716,
	"cap_height": 1273,
	"faces_width": 1716,
	"faces_height": 1273,
	"cap_mask_pixels": 21202,
	"min_overlap_pixels": 1061,
	"green_line_vector_2d": [
		0.72953720414008516,
		-0.68394112888132985
	],
	"green_line_vectors_2d": [
		[
			0.72953720414008516,
			-0.68394112888132985
		]
	],
	"normal_parallel_threshold_degrees": 30,
	"preferred_normal_angle_threshold_degrees": 10,
	"selected_face_id": 0,
	"selected_plane_hit_3d": [
		-450.34361420408339,
		-49.826085875615036,
		234.83779340302561
	],
	"candidates": [
		{
			"face_id": 0,
			"overlap_pixels": 21202,
			"overlap_ratio": 1,
			"mask_centroid_2d": [
				1054.8188850108479,
				515.81435713611927
			],
			"has_plane_hit": true,
			"plane_hit_3d": [
				-450.34361420408339,
				-49.826085875615036,
				234.83779340302561
			],
			"distance_to_camera": 1052.3927808639676,
			"has_projected_normal": true,
			"projected_normal_2d": [
				0.77049984604407695,
				-0.6374401832690294
			],
			"normal_green_angle_degrees": 3.5511855646473451,
			"normal_parallel_pass": true
		}
	],
	"mesh_vertices_world": [
		[
			599.41300000000001,
			-51.112000000000002,
			499.55200000000002
		],
		[
			-599.774,
			-49.939999999999998,
			499.20999999999998
		],
		[
			-599.524,
			-49.453000000000003,
			-0.076999999999999999
		],
		[
			598.30799999999999,
			-50.624000000000002,
			0.55200000000000005
		]
	],
	"mesh_triangles": [
		[
			3,
			0,
			1
		],
		[
			1,
			2,
			3
		]
	]
}