{
  "image": { "w": 2030, "h": 800 },
  "num_faces": 28,
  "palette_version": 2,
  "unique_face_colors": true,
  "projection_source": "stable_orthographic_viewport_final_projection_matrix",
  "ortho_width_metadata": 1536,
  "projection_scale": { "m00": 0.00051313627614148075, "m11": 0.0013020833333333333, "m30": 0, "m31": 0 },
  "faces": [
    {
      "id": 0,
      "color_rgb": [219, 60, 39],
      "color_key": 14367783,
      "area_px": 1344762,
      "normal_world": [-0.00098, -0.00098, 1.00000],
      "plane_point": [-1000.294, -2341.881, 0.256],
      "centroid_2d": [999.56, 424.14],
      "key_points_2d": [[2029.00, 2.00], [2029.00, 799.00], [0.00, 799.00], [0.00, 2.00], [876.00, 2.00], [731.00, 170.00], [731.00, 343.00], [760.00, 353.00], [760.00, 359.00], [700.00, 428.00], [700.00, 527.00], [712.00, 532.00], [743.00, 497.00], [744.00, 446.00], [798.00, 385.00], [1230.00, 531.00], [1245.00, 516.00], [1385.00, 563.00], [1385.00, 591.00], [1429.00, 607.00], [1438.00, 599.00], [1438.00, 531.00], [1339.00, 497.00], [1453.00, 364.00], [1453.00, 191.00], [890.00, 2.00]],
      "key_points_3d": [[125.698, -4421.697, -0.676], [1287.582, -2260.251, 2.571], [-2144.677, -417.447, 1.018], [-3306.561, -2578.894, -2.229], [-1824.719, -3374.505, -1.558], [-1825.087, -2787.199, -0.985], [-1572.883, -2318.027, -0.280], [-1509.249, -2317.246, -0.217], [-1500.502, -2300.974, -0.193], [-1501.408, -2059.354, 0.042], [-1357.084, -1790.868, 0.446], [-1329.496, -1788.207, 0.475], [-1328.080, -1911.281, 0.356], [-1400.737, -2050.500, 0.149], [-1398.318, -2264.975, -0.058], [-454.704, -2261.383, 0.868], [-451.197, -2315.686, 0.818], [-145.855, -2315.376, 1.117], [-105.036, -2239.440, 1.231], [-7.281, -2236.011, 1.330], [-3.719, -2265.881, 1.304], [-102.851, -2450.295, 1.027], [-319.885, -2452.588, 0.813], [-320.933, -2916.819, 0.358], [-573.136, -3385.992, -0.347], [-1801.036, -3387.221, -1.548]]
    },
    {
      "id": 1,
      "color_rgb": [199, 76, 60],
      "color_key": 13061180,
      "area_px": 103569,
      "normal_world": [0.00293, 0.00293, 0.99999],
      "plane_point": [-900.737, -2525.704, 495.208],
      "centroid_2d": [1090.56, 185.49],
      "key_points_2d": [[1452.00, 192.00], [1302.00, 362.00], [732.00, 170.00], [883.00, 0.00]],
      "key_points_3d": [[-280.556, -2837.651, 494.304], [-287.828, -2242.913, 492.581], [-1529.070, -2240.577, 496.215], [-1520.108, -2836.226, 497.935]]
    },
    {
      "id": 2,
      "color_rgb": [184, 30, 9],
      "color_key": 12066313,
      "area_px": 77790,
      "normal_world": [-0.00098, 0.99999, -0.00489],
      "plane_point": [-851.765, -2239.814, 284.680],
      "centroid_2d": [1042.53, 360.58],
      "key_points_2d": [[1431.00, 606.00], [1386.00, 591.00], [1385.00, 562.00], [811.00, 370.00], [826.00, 355.00], [892.00, 376.00], [889.00, 253.00], [824.00, 232.00], [823.00, 302.00], [811.00, 299.00], [764.00, 354.00], [732.00, 343.00], [732.00, 171.00], [1304.00, 363.00], [1304.00, 454.00], [1134.00, 397.00], [1131.00, 365.00], [1042.00, 335.00], [1041.00, 406.00], [1104.00, 428.00], [1103.00, 444.00], [1273.00, 501.00], [1286.00, 489.00], [1431.00, 538.00]],
      "key_points_3d": [[-5.265, -2240.372, 1.479], [-103.410, -2240.469, 1.122], [-105.405, -2240.125, 71.909], [-1357.287, -2241.363, 68.995], [-1324.442, -2241.088, 118.506], [-1180.491, -2240.933, 121.500], [-1186.241, -2239.466, 422.764], [-1328.010, -2239.615, 420.601], [-1330.648, -2240.467, 246.900], [-1356.826, -2240.505, 244.335], [-1459.791, -2241.460, 69.445], [-1529.581, -2241.526, 70.014], [-1528.464, -2239.448, 494.781], [-280.948, -2238.223, 496.032], [-281.538, -2239.322, 271.301], [-652.304, -2239.687, 270.773], [-658.646, -2239.319, 347.306], [-852.752, -2239.508, 347.423], [-855.396, -2240.372, 171.252], [-718.000, -2240.248, 169.283], [-720.287, -2240.447, 128.938], [-349.521, -2240.082, 129.465], [-321.063, -2239.857, 169.905], [-4.824, -2239.550, 169.411]]
    },
    {
      "id": 3,
      "color_rgb": [163, 74, 62],
      "color_key": 10701374,
      "area_px": 13454,
      "normal_world": [-0.00098, 0.99999, -0.00489],
      "plane_point": [-1248.047, -2814.751, 346.493],
      "centroid_2d": [1002.51, 109.66],
      "key_points_2d": [[876.00, 99.00], [919.00, 50.00], [1128.00, 121.00], [1085.00, 169.00]],
      "key_points_3d": [[-1524.175, -2815.406, 267.661], [-1429.981, -2814.548, 424.409], [-974.164, -2814.110, 422.776], [-1068.351, -2814.957, 268.498]]
    },
    {
      "id": 4,
      "color_rgb": [148, 33, 18],
      "color_key": 9707794,
      "area_px": 12884,
      "normal_world": [0.00293, 0.00293, 0.99999],
      "plane_point": [-369.861, -2623.800, 95.219],
      "centroid_2d": [1358.29, 401.84],
      "key_points_2d": [[1291.00, 481.00], [1312.00, 457.00], [1312.00, 365.00], [1345.00, 327.00], [1446.00, 361.00], [1332.00, 494.00]],
      "key_points_3d": [[-368.940, -2349.198, 94.411], [-368.211, -2433.000, 94.655], [-501.447, -2680.859, 95.773], [-500.716, -2813.317, 96.159], [-280.808, -2813.788, 95.515], [-280.831, -2351.550, 94.160]]
    },
    {
      "id": 5,
      "color_rgb": [219, 114, 39],
      "color_key": 14381607,
      "area_px": 8228,
      "normal_world": [-0.00098, 0.99999, -0.00489],
      "plane_point": [-921.530, -2264.738, 23.748],
      "centroid_2d": [1016.67, 448.83],
      "key_points_2d": [[1230.00, 530.00], [798.00, 384.00], [810.00, 370.00], [1183.00, 495.00], [1230.00, 511.00]],
      "key_points_3d": [[-456.324, -2264.396, 0.590], [-1398.497, -2265.309, 2.097], [-1372.209, -2265.066, 46.645], [-558.705, -2264.265, 47.962], [-456.200, -2264.167, 47.512]]
    },
    {
      "id": 6,
      "color_rgb": [199, 118, 60],
      "color_key": 13071932,
      "area_px": 7945,
      "normal_world": [0.00293, 0.00293, 0.99999],
      "plane_point": [-467.517, -2177.459, 270.053],
      "centroid_2d": [1203.43, 443.59],
      "key_points_2d": [[1304.00, 455.00], [1273.00, 490.00], [1103.00, 432.00], [1133.00, 397.00]],
      "key_points_3d": [[-281.040, -2238.395, 269.685], [-282.736, -2115.841, 269.330], [-653.998, -2117.130, 270.423], [-653.992, -2238.771, 270.780]]
    },
    {
      "id": 7,
      "color_rgb": [184, 82, 9],
      "color_key": 12079625,
      "area_px": 7859,
      "normal_world": [0.99999, -0.00098, -0.00489],
      "plane_point": [-1329.866, -2005.932, 166.390],
      "centroid_2d": [765.52, 402.07],
      "key_points_2d": [[829.00, 234.00], [829.00, 347.00], [743.00, 446.00], [743.00, 495.00], [713.00, 530.00], [713.00, 432.00], [824.00, 303.00], [824.00, 233.00]],
      "key_points_3d": [[-1328.974, -2261.685, 399.770], [-1330.347, -2264.237, 119.630], [-1329.991, -1914.837, 122.516], [-1330.586, -1915.944, 1.040], [-1330.468, -1794.070, 0.893], [-1329.278, -1791.856, 243.847], [-1329.722, -2242.800, 243.148], [-1328.872, -2241.218, 416.687]]
    },
    {
      "id": 8,
      "color_rgb": [163, 104, 62],
      "color_key": 10709054,
      "area_px": 7739,
      "normal_world": [-0.00098, 0.99999, -0.00489],
      "plane_point": [-354.035, -2814.726, 220.055],
      "centroid_2d": [1412.64, 298.80],
      "key_points_2d": [[1446.00, 210.00], [1446.00, 360.00], [1346.00, 327.00]],
      "key_points_3d": [[-280.624, -2813.446, 467.075], [-281.598, -2815.258, 96.639], [-499.699, -2815.479, 95.021]]
    },
    {
      "id": 9,
      "color_rgb": [148, 72, 18],
      "color_key": 9717778,
      "area_px": 6992,
      "normal_world": [0.00293, 0.00293, 0.99999],
      "plane_point": [-1358.807, -2445.008, 95.250],
      "centroid_2d": [860.52, 300.73],
      "key_points_2d": [[891.00, 367.00], [830.00, 346.00], [830.00, 235.00], [891.00, 255.00]],
      "key_points_3d": [[-1211.337, -2294.262, 94.375], [-1344.827, -2295.231, 94.770], [-1505.580, -2594.278, 96.118], [-1373.538, -2596.002, 95.736]]
    },
    {
      "id": 10,
      "color_rgb": [219, 168, 39],
      "color_key": 14395431,
      "area_px": 4949,
      "normal_world": [0.00293, 0.00293, 0.99999],