{
  "image": { "w": 2030, "h": 800 },
  "num_faces": 27,
  "palette_version": 2,
  "unique_face_colors": true,
  "projection_source": "stable_orthographic_viewport_final_projection_matrix",
  "ortho_width_metadata": 1536,
  "projection_scale": { "m00": 0.00051313627614148075, "m11": 0.0013020833333333333, "m30": 0, "m31": 0 },
  "faces": [
    {
      "id": 0,
      "color_rgb": [219, 60, 39],
      "color_key": 14367783,
      "area_px": 1351782,
      "normal_world": [-0.00098, -0.00098, 1.00000],
      "plane_point": [-1017.023, -2393.820, 0.199],
      "centroid_2d": [1000.84, 421.88],
      "key_points_2d": [[2029.00, 2.00], [2029.00, 799.00], [0.00, 799.00], [0.00, 2.00]],
      "key_points_3d": [[90.042, -4634.041, -0.908], [1360.946, -2015.266, 2.892], [-2145.058, -316.953, 1.126], [-3415.962, -2935.728, -2.675]]
    },
    {
      "id": 1,
      "color_rgb": [199, 76, 60],
      "color_key": 13061180,
      "area_px": 88358,
      "normal_world": [-0.00098, 0.99999, -0.00489],
      "plane_point": [-841.192, -2239.788, 281.918],
      "centroid_2d": [1048.20, 356.25],
      "key_points_2d": [[1440.00, 581.00], [1394.00, 569.00], [1392.00, 537.00], [803.00, 387.00], [819.00, 370.00], [890.00, 387.00], [887.00, 253.00], [820.00, 236.00], [819.00, 313.00], [807.00, 311.00], [750.00, 373.00], [726.00, 367.00], [726.00, 180.00], [1310.00, 329.00], [1311.00, 428.00], [1137.00, 384.00], [1135.00, 350.00], [1043.00, 326.00], [1041.00, 404.00], [1104.00, 420.00], [1120.00, 430.00], [1440.00, 506.00]],
      "key_points_3d": [[-5.306, -2240.349, 0.110], [-103.523, -2240.443, 0.586], [-107.624, -2240.098, 71.953], [-1365.244, -2241.337, 69.777], [-1330.967, -2241.070, 117.602], [-1179.364, -2240.908, 120.315], [-1185.053, -2239.438, 422.284], [-1328.110, -2239.579, 421.894], [-1330.661, -2240.438, 246.793], [-1356.289, -2240.475, 244.355], [-1478.405, -2241.443, 70.720], [-1529.650, -2241.495, 70.378], [-1528.644, -2239.422, 494.214], [-281.702, -2238.196, 495.751], [-280.098, -2239.288, 271.948], [-651.621, -2239.658, 270.598], [-655.711, -2239.291, 346.497], [-852.144, -2239.478, 347.450], [-856.837, -2240.353, 169.501], [-722.320, -2240.220, 169.834], [-688.189, -2240.252, 156.463], [-4.903, -2239.517, 170.097]]
    },
    {
      "id": 2,
      "color_rgb": [184, 30, 9],
      "color_key": 12066313,
      "area_px": 87347,
      "normal_world": [0.00293, 0.00293, 0.99999],
      "plane_point": [-900.760, -2525.674, 495.177],
      "centroid_2d": [1085.30, 184.13],
      "key_points_2d": [[1447.00, 181.00], [1311.00, 329.00], [726.00, 179.00], [864.00, 32.00]],
      "key_points_3d": [[-281.596, -2840.443, 494.284], [-282.240, -2243.702, 492.536], [-1528.850, -2239.845, 496.181], [-1523.174, -2835.012, 497.910]]
    },
    {
      "id": 3,
      "color_rgb": [163, 74, 62],
      "color_key": 10701374,
      "area_px": 10700,
      "normal_world": [-0.00098, 0.99999, -0.00489],
      "plane_point": [-1240.195, -2814.747, 379.329],
      "centroid_2d": [991.99, 123.40],
      "key_points_2d": [[1117.00, 131.00], [1077.00, 170.00], [867.00, 116.00], [904.00, 76.00]],
      "key_points_3d": [[-973.139, -2814.215, 434.719], [-1058.811, -2814.845, 323.089], [-1507.195, -2815.281, 323.491], [-1427.928, -2814.655, 435.644]]
    },
    {
      "id": 4,
      "color_rgb": [148, 33, 18],
      "color_key": 9707794,
      "area_px": 10528,
      "normal_world": [0.00293, 0.00293, 0.99999],
      "plane_point": [-371.926, -2634.297, 95.197],
      "centroid_2d": [1357.80, 397.74],
      "key_points_2d": [[1293.00, 460.00], [1317.00, 434.00], [1318.00, 333.00], [1441.00, 364.00], [1342.00, 472.00]],
      "key_points_3d": [[-385.286, -2376.879, 94.481], [-384.986, -2481.803, 94.788], [-542.967, -2811.729, 96.219], [-281.711, -2814.295, 95.461], [-281.761, -2379.040, 94.184]]
    },
    {
      "id": 5,
      "color_rgb": [219, 114, 39],
      "color_key": 14381607,
      "area_px": 10302,
      "normal_world": [-0.00098, 0.99999, -0.00489],
      "plane_point": [-925.689, -2264.701, 26.392],
      "centroid_2d": [1014.27, 453.10],
      "key_points_2d": [[786.00, 406.00], [803.00, 388.00], [833.00, 395.00], [1232.00, 497.00], [1234.00, 520.00]],
      "key_points_3d": [[-1413.155, -2265.304, 0.530], [-1376.737, -2265.020, 51.202], [-1312.679, -2264.950, 52.764], [-460.745, -2264.115, 53.360], [-456.595, -2264.360, 2.392]]
    },
    {
      "id": 6,
      "color_rgb": [199, 118, 60],
      "color_key": 13071932,
      "area_px": 10197,
      "normal_world": [-0.00098, 0.99999, -0.00489],
      "plane_point": [-368.601, -2814.734, 219.725],
      "centroid_2d": [1400.39, 298.47],
      "key_points_2d": [[1441.00, 200.00], [1441.00, 363.00], [1320.00, 333.00]],
      "key_points_3d": [[-281.297, -2813.443, 466.501], [-282.174, -2815.250, 97.061], [-540.535, -2815.513, 94.767]]
    },
    {
      "id": 7,
      "color_rgb": [184, 82, 9],
      "color_key": 12079625,
      "area_px": 8090,
      "normal_world": [0.00293, 0.00293, 0.99999],
      "plane_point": [-1377.630, -2505.074, 95.210],
      "centroid_2d": [857.17, 309.15],
      "key_points_2d": [[889.00, 379.00], [825.00, 363.00], [825.00, 249.00], [832.00, 241.00], [889.00, 255.00]],
      "key_points_3d": [[-1212.263, -2304.302, 94.136], [-1347.996, -2302.543, 94.529], [-1528.258, -2673.985, 96.147], [-1528.830, -2705.946, 96.243], [-1408.338, -2708.327, 95.896]]
    },
    {
      "id": 8,
      "color_rgb": [163, 104, 62],
      "color_key": 10709054,
      "area_px": 7890,
      "normal_world": [0.99999, -0.00098, -0.00489],
      "plane_point": [-1329.866, -2002.141, 165.565],
      "centroid_2d": [765.18, 407.88],
      "key_points_2d": [[824.00, 238.00], [824.00, 364.00], [745.00, 449.00], [745.00, 503.00], [717.00, 533.00], [717.00, 425.00], [820.00, 314.00], [820.00, 237.00]],
      "key_points_3d": [[-1328.940, -2258.879, 406.391], [-1330.344, -2261.772, 119.780], [-1329.993, -1913.642, 121.986], [-1330.594, -1914.882, -0.847], [-1330.469, -1791.491, 0.223], [-1329.265, -1789.011, 245.889], [-1329.721, -2242.898, 243.416], [-1328.863, -2241.130, 418.567]]
    },
    {
      "id": 9,
      "color_rgb": [148, 72, 18],
      "color_key": 9717778,
      "area_px": 6699,
      "normal_world": [0.00293, 0.00293, 0.99999],
      "plane_point": [-467.433, -2177.396, 270.074],
      "centroid_2d": [1209.15, 421.67],
      "key_points_2d": [[1108.00, 414.00], [1136.00, 384.00], [1310.00, 430.00], [1281.00, 459.00]],
      "key_points_3d": [[-654.083, -2117.203, 270.445], [-653.206, -2238.528, 270.799], [-280.230, -2235.164, 269.695], [-284.414, -2116.255, 269.358]]
    },
    {
      "id": 10,
      "color_rgb": [219, 168, 39],
      "color_key": 14395431,
      "area_px": 5646,
      "normal_world": [0.00293, 0.00293, 0.99999],
      "plane_point": [-879.083, -2494.651, 95.210],
      "centroid_2d": [1088.40, 371.45],
      "key_points_2d": [[1048.00, 329.00], [1135.00, 351.00], [1135.00, 384.00], [1108.00, 413.00], [1048.00, 398.00]],
      "key_points_3d": [[-1015.925, -2598.947, 95.917], [-831.018, -2600.523, 95.379], [-778.837, -2493.000, 94.911], [-779.570, -2375.776, 94.569], [-906.819, -2374.127, 94.938]]
    },
    {
      "id": 11,
      "color_rgb": [199, 159, 60],
      "color_key": 13082428,
      "area_px": 4815,
      "normal_world": [-0.00098, 0.99999, -0.00489],
      "plane_point": [-562.213, -2814.737, 241.607],
      "centroid_2d": [1309.67, 265.59],
      "key_points_2d": [[1250.00, 298.00], [1320.00, 221.00], [1369.00, 233.00], [1299.00, 310.00]],
      "key_points_3d": [[-689.867, -2815.391, 133.487], [-539.894, -2814.192, 348.671], [-435.268, -2814.084, 349.937], [-585.240, -2815.282, 134.753]]
    },
    {
      "id": 12,
      "color_rgb": [184, 134, 9],
      "color_key": 12092937,
      "area_px": 4446,
      "normal_world": [0.99999, -0.00098, -0.00489],
      "plane_point": [-279.899, -2564.960, 306.283],
      "centroid_2d": [1385.15, 332.43],