{
  "image": { "w": 2030, "h": 800 },
  "num_faces": 26,
  "palette_version": 2,
  "unique_face_colors": true,
  "projection_source": "stable_orthographic_viewport_final_projection_matrix",
  "ortho_width_metadata": 1536,
  "projection_scale": { "m00": 0.00051313627614148075, "m11": 0.0013020833333333333, "m30": 0, "m31": 0 },
  "faces": [
    {
      "id": 0,
      "color_rgb": [219, 60, 39],
      "color_key": 14367783,
      "area_px": 1369490,
      "normal_world": [-0.00098, -0.00098, 1.00000],
      "plane_point": [-361.953, -2250.556, 0.188],
      "centroid_2d": [1040.71, 438.06],
      "key_points_2d": [[0.00, 2.00], [552.00, 2.00], [502.00, 60.00], [502.00, 233.00], [531.00, 243.00], [531.00, 248.00], [471.00, 317.00], [472.00, 418.00], [483.00, 422.00], [514.00, 386.00], [514.00, 337.00], [570.00, 275.00], [1000.00, 420.00], [1015.00, 405.00], [1155.00, 452.00], [1157.00, 482.00], [1202.00, 497.00], [1209.00, 489.00], [1209.00, 420.00], [1110.00, 386.00], [1224.00, 254.00], [1224.00, 81.00], [990.00, 2.00], [2029.00, 2.00], [2029.00, 799.00], [0.00, 799.00]],
      "key_points_3d": [[-2758.114, -2487.921, -2.385], [-1824.350, -2989.265, -1.962], [-1824.377, -2786.559, -1.764], [-1572.173, -2317.387, -1.059], [-1508.539, -2316.606, -0.996], [-1501.250, -2303.046, -0.976], [-1502.156, -2061.425, -0.741], [-1353.224, -1788.424, -0.328], [-1328.786, -1787.567, -0.304], [-1328.827, -1913.353, -0.427], [-1400.261, -2046.240, -0.626], [-1395.916, -2265.244, -0.836], [-457.143, -2262.547, 0.084], [-453.637, -2316.850, 0.034], [-148.295, -2316.539, 0.333], [-101.177, -2236.997, 0.457], [-3.188, -2237.187, 0.552], [-3.009, -2265.241, 0.525], [-103.599, -2452.367, 0.244], [-320.633, -2454.660, 0.029], [-320.223, -2916.179, -0.421], [-572.426, -3385.351, -1.126], [-1083.429, -3387.071, -1.627], [674.145, -4330.725, -0.832], [1836.029, -2169.278, 2.415], [-1596.230, -326.474, 0.862]]
    },
    {
      "id": 1,
      "color_rgb": [199, 76, 60],
      "color_key": 13061180,
      "area_px": 88963,
      "normal_world": [0.00293, 0.00293, 0.99999],
      "plane_point": [-832.786, -2493.088, 495.212],
      "centroid_2d": [884.52, 94.69],
      "key_points_2d": [[503.00, 60.00], [554.00, 0.00], [681.00, 0.00], [855.00, 59.00], [907.00, 3.00], [902.00, 0.00], [983.00, 0.00], [1223.00, 81.00], [1075.00, 252.00]],
      "key_points_3d": [[-1527.728, -2238.760, 496.504], [-1528.441, -2446.897, 497.117], [-1313.837, -2562.669, 496.827], [-934.367, -2562.333, 495.713], [-927.598, -2760.606, 496.275], [-940.392, -2764.130, 496.323], [-803.518, -2837.969, 496.138], [-280.661, -2838.527, 494.606], [-283.106, -2242.919, 492.866]]
    },
    {
      "id": 2,
      "color_rgb": [184, 30, 9],
      "color_key": 12066313,
      "area_px": 77678,
      "normal_world": [-0.00098, 0.99999, -0.00489],
      "plane_point": [-851.863, -2239.745, 284.862],
      "centroid_2d": [813.30, 249.90],
      "key_points_2d": [[1201.00, 495.00], [1157.00, 481.00], [1155.00, 451.00], [581.00, 259.00], [596.00, 244.00], [663.00, 266.00], [661.00, 143.00], [595.00, 121.00], [594.00, 192.00], [583.00, 188.00], [535.00, 243.00], [503.00, 233.00], [503.00, 61.00], [1074.00, 252.00], [1075.00, 343.00], [904.00, 286.00], [903.00, 255.00], [812.00, 224.00], [811.00, 296.00], [874.00, 317.00], [873.00, 333.00], [914.00, 347.00], [1043.00, 390.00], [1058.00, 379.00], [1201.00, 427.00]],
      "key_points_3d": [[-7.042, -2240.303, 1.815], [-103.010, -2240.407, -0.181], [-107.181, -2240.057, 72.244], [-1359.064, -2241.294, 69.330], [-1326.219, -2241.020, 118.841], [-1180.091, -2240.870, 120.196], [-1183.658, -2239.397, 422.292], [-1327.604, -2239.540, 421.768], [-1330.248, -2240.404, 245.597], [-1354.237, -2240.424, 246.332], [-1459.385, -2241.386, 70.611], [-1529.181, -2241.463, 68.711], [-1528.064, -2239.385, 493.478], [-282.725, -2238.154, 496.367], [-281.132, -2239.248, 272.467], [-654.081, -2239.619, 271.109], [-656.063, -2239.250, 346.834], [-854.529, -2239.440, 347.758], [-857.179, -2240.316, 169.117], [-719.777, -2240.179, 169.618], [-722.064, -2240.378, 129.273], [-632.646, -2240.294, 128.776], [-351.298, -2240.014, 129.801], [-318.480, -2239.788, 169.433], [-6.601, -2239.482, 169.746]]
    },
    {
      "id": 3,
      "color_rgb": [163, 74, 62],
      "color_key": 10701374,
      "area_px": 12951,
      "normal_world": [0.00293, 0.00293, 0.99999],
      "plane_point": [-370.189, -2623.377, 95.253],
      "centroid_2d": [1128.87, 291.29],
      "key_points_2d": [[1063.00, 371.00], [1082.00, 347.00], [1082.00, 256.00], [1115.00, 217.00], [1216.00, 250.00], [1102.00, 384.00]],
      "key_points_3d": [[-366.064, -2348.583, 94.435], [-368.715, -2430.562, 94.683], [-500.503, -2675.727, 95.789], [-501.220, -2810.879, 96.187], [-282.759, -2814.044, 95.556], [-281.335, -2349.112, 94.188]]
    },
    {
      "id": 4,
      "color_rgb": [148, 33, 18],
      "color_key": 9707794,
      "area_px": 8240,
      "normal_world": [-0.00098, 0.99999, -0.00489],
      "plane_point": [-920.985, -2264.727, 23.725],
      "centroid_2d": [787.75, 338.31],
      "key_points_2d": [[568.00, 274.00], [583.00, 260.00], [631.00, 276.00], [1000.00, 400.00], [1001.00, 419.00]],
      "key_points_3d": [[-1400.312, -2265.312, -0.090], [-1367.474, -2265.050, 46.951], [-1262.787, -2264.945, 47.332], [-458.009, -2264.157, 47.794], [-455.949, -2264.380, 1.703]]
    },
    {
      "id": 5,
      "color_rgb": [219, 114, 39],
      "color_key": 14381607,
      "area_px": 7943,
      "normal_world": [0.00293, 0.00293, 0.99999],
      "plane_point": [-467.271, -2177.183, 270.258],
      "centroid_2d": [974.30, 333.01],
      "key_points_2d": [[873.00, 322.00], [906.00, 287.00], [1075.00, 344.00], [1043.00, 379.00]],
      "key_points_3d": [[-654.399, -2114.502, 270.623], [-649.324, -2238.879, 270.973], [-281.200, -2239.373, 269.895], [-284.585, -2115.908, 269.543]]
    },
    {
      "id": 6,
      "color_rgb": [199, 118, 60],
      "color_key": 13071932,
      "area_px": 7810,
      "normal_world": [0.99999, -0.00098, -0.00489],
      "plane_point": [-1329.864, -2007.153, 167.046],
      "centroid_2d": [536.66, 290.85],
      "key_points_2d": [[599.00, 123.00], [600.00, 236.00], [513.00, 337.00], [513.00, 386.00], [484.00, 419.00], [484.00, 321.00], [595.00, 192.00], [595.00, 122.00]],
      "key_points_3d": [[-1328.956, -2258.275, 403.139], [-1330.346, -2264.917, 120.112], [-1329.996, -1911.472, 120.927], [-1330.591, -1912.579, -0.550], [-1330.467, -1794.749, 1.375], [-1329.277, -1792.536, 244.328], [-1329.721, -2243.479, 243.630], [-1328.871, -2241.898, 417.168]]
    },
    {
      "id": 7,
      "color_rgb": [184, 82, 9],
      "color_key": 12079625,
      "area_px": 7770,
      "normal_world": [-0.00098, 0.99999, -0.00489],
      "plane_point": [-353.872, -2814.734, 220.193],
      "centroid_2d": [1183.55, 188.15],
      "key_points_2d": [[1217.00, 99.00], [1217.00, 250.00], [1116.00, 216.00]],
      "key_points_3d": [[-280.260, -2813.449, 468.171], [-281.240, -2815.273, 95.265], [-501.518, -2815.489, 95.286]]
    },
    {
      "id": 8,
      "color_rgb": [163, 104, 62],
      "color_key": 10709054,
      "area_px": 6999,
      "normal_world": [0.00293, 0.00293, 0.99999],
      "plane_point": [-1358.451, -2444.849, 95.284],
      "centroid_2d": [631.48, 190.21],
      "key_points_2d": [[601.00, 124.00], [662.00, 145.00], [662.00, 256.00], [601.00, 236.00]],
      "key_points_3d": [[-1505.841, -2595.444, 96.157], [-1372.350, -2594.474, 95.763], [-1211.598, -2295.428, 94.415], [-1343.640, -2293.703, 94.797]]
    },
    {
      "id": 9,
      "color_rgb": [148, 72, 18],
      "color_key": 9717778,
      "area_px": 6633,
      "normal_world": [-0.00098, 0.99999, -0.00489],
      "plane_point": [-1161.231, -2814.737, 328.134],
      "centroid_2d": [813.17, 19.89],
      "key_points_2d": [[682.00, 0.00], [871.00, 0.00], [900.00, 10.00], [855.00, 58.00]],