{
  "image": { "w": 1716, "h": 1273 },
  "num_faces": 9,
  "palette_version": 2,
  "unique_face_colors": true,
  "projection_source": "stable_orthographic_viewport_final_projection_matrix",
  "ortho_width_metadata": 1536,
  "projection_scale": { "m00": 0.00096593943328644738, "m11": 0.0013020833333333333, "m30": 0, "m31": 0 },
  "faces": [
    {
      "id": 0,
      "color_rgb": [219, 60, 39],
      "color_key": 14367783,
      "area_px": 322248,
      "normal_world": [-0.00098, -1.00000, -0.00098],
      "plane_point": [-10.061, -50.273, 250.590],
      "centroid_2d": [729.88, 433.95],
      "key_points_2d": [[280.00, 150.00], [1165.00, 341.00], [1165.00, 716.00], [281.00, 525.00]],
      "key_points_3d": [[599.413, -51.112, 499.552], [-599.774, -49.940, 499.210], [-599.524, -49.453, -0.077], [598.308, -50.624, 0.552]]
    },
    {
      "id": 1,
      "color_rgb": [199, 76, 60],
      "color_key": 13061180,
      "area_px": 199009,
      "normal_world": [-1.00000, -0.00098, -0.00098],
      "plane_point": [-600.151, 655.117, 242.466],
      "centroid_2d": [1431.68, 314.64],
      "key_points_2d": [[1166.00, 715.00], [1166.00, 340.00], [1579.00, 0.00], [1715.00, 0.00], [1715.00, 263.00]],
      "key_points_3d": [[-599.229, -46.230, -0.143], [-599.716, -47.181, 499.386], [-600.783, 1043.762, 500.410], [-600.989, 1403.291, 351.606], [-600.647, 1403.958, 1.270]]
    },
    {
      "id": 2,
      "color_rgb": [184, 30, 9],
      "color_key": 12066313,
      "area_px": 79221,
      "normal_world": [-1.00000, -0.00098, -0.00098],
      "plane_point": [499.722, 847.368, 231.540],
      "centroid_2d": [693.03, 87.76],
      "key_points_2d": [[1010.00, 0.00], [753.00, 212.00], [392.00, 134.00], [555.00, 0.00]],
      "key_points_3d": [[499.128, 1685.096, 1.630], [499.793, 1006.229, 0.425], [500.238, 51.694, 499.314], [499.817, 482.260, 499.466]]
    },
    {
      "id": 3,
      "color_rgb": [163, 74, 62],
      "color_key": 10701374,
      "area_px": 74658,
      "normal_world": [-0.00098, -0.00098, 1.00000],
      "plane_point": [-120.705, 241.312, 500.135],
      "centroid_2d": [921.67, 173.35],
      "key_points_2d": [[1578.00, 0.00], [1165.00, 340.00], [281.00, 149.00], [462.00, 0.00], [554.00, 0.00], [392.00, 135.00], [1129.00, 294.00], [1486.00, 0.00]],
      "key_points_3d": [[-599.749, 1043.134, 500.450], [-598.642, -47.730, 499.386], [598.662, -49.933, 500.553], [598.167, 428.128, 501.020], [499.414, 478.827, 500.973], [497.723, 46.784, 500.549], [-500.171, 49.226, 499.577], [-500.996, 992.435, 500.497]]
    },
    {
      "id": 4,
      "color_rgb": [148, 33, 18],
      "color_key": 9707794,
      "area_px": 15765,
      "normal_world": [-0.00098, -0.00098, 1.00000],
      "plane_point": [-1188.778, 103.474, 45.079],
      "centroid_2d": [1657.43, 728.40],
      "key_points_2d": [[1715.00, 621.00], [1715.00, 801.00], [1543.00, 764.00]],
      "key_points_3d": [[-1110.886, 407.880, 45.452], [-1344.996, -49.144, 44.777], [-1112.249, -49.986, 45.004]]
    },
    {
      "id": 5,
      "color_rgb": [219, 114, 39],
      "color_key": 14381607,
      "area_px": 6538,
      "normal_world": [-0.00098, -1.00000, -0.00098],
      "plane_point": [-1228.213, -50.091, 20.043],
      "centroid_2d": [1628.50, 801.27],
      "key_points_2d": [[1542.00, 764.00], [1714.00, 801.00], [1715.00, 838.00], [1542.00, 801.00]],
      "key_points_3d": [[-1111.018, -50.229, 44.843], [-1344.080, -50.002, 44.938], [-1345.411, -49.953, -4.038], [-1110.993, -50.181, -4.419]]
    },
    {
      "id": 6,
      "color_rgb": [199, 118, 60],
      "color_key": 13071932,
      "area_px": 5485,
      "normal_world": [-0.00098, -1.00000, -0.00098],
      "plane_point": [279.889, -140.285, 260.152],
      "centroid_2d": [482.00, 408.56],
      "key_points_2d": [[446.00, 364.00], [518.00, 379.00], [518.00, 453.00], [446.00, 438.00]],
      "key_points_3d": [[328.641, -140.381, 309.153], [231.079, -140.286, 309.842], [231.129, -140.190, 211.316], [328.690, -140.285, 210.627]]
    },
    {
      "id": 7,
      "color_rgb": [184, 82, 9],
      "color_key": 12079625,
      "area_px": 2608,
      "normal_world": [-0.00098, -0.00098, 1.00000],
      "plane_point": [279.837, -95.287, 310.151],
      "centroid_2d": [499.04, 357.00],
      "key_points_2d": [[446.00, 363.00], [478.00, 336.00], [552.00, 351.00], [520.00, 378.00]],
      "key_points_3d": [[328.962, -139.753, 310.155], [329.730, -53.565, 310.240], [230.789, -50.871, 310.146], [230.021, -137.059, 310.061]]
    },
    {
      "id": 8,
      "color_rgb": [163, 104, 62],
      "color_key": 10709054,
      "area_px": 2554,
      "normal_world": [-1.00000, -0.00098, -0.00098],
      "plane_point": [229.848, -96.396, 260.142],
      "centroid_2d": [535.49, 402.89],
      "key_points_2d": [[519.00, 454.00], [519.00, 379.00], [552.00, 352.00], [552.00, 426.00]],
      "key_points_3d": [[229.940, -139.865, 210.103], [229.842, -140.055, 310.009], [229.757, -52.885, 309.868], [229.853, -52.697, 211.295]]
    }
  ]
}
