{
	"component": "Component_03",
	"action": "excavate",
	"polygon_key": "cap_polygon",
	"success": true,
	"error": "",
	"actor_name": "FromLZ_ReconstructedFace_Press_01_Component_03",
	"cap_width": 2576,
	"cap_height": 1724,
	"faces_width": 2576,
	"faces_height": 1724,
	"cap_mask_pixels": 26801,
	"min_overlap_pixels": 1341,
	"green_line_vector_2d": [
		0.85198499694247276,
		-0.52356619923839109
	],
	"green_line_vectors_2d": [
		[
			0.85198499694247276,
			-0.52356619923839109
		]
	],
	"normal_parallel_threshold_degrees": 30,
	"preferred_normal_angle_threshold_degrees": 10,
	"selected_face_id": 1,
	"selected_plane_hit_3d": [
		-507.95602057300499,
		-49.657691519010768,
		63.141550176107955
	],
	"candidates": [
		{
			"face_id": 1,
			"overlap_pixels": 26801,
			"overlap_ratio": 1,
			"mask_centroid_2d": [
				1627.1884071489869,
				1125.3110891384649
			],
			"has_plane_hit": true,
			"plane_hit_3d": [
				-507.95602057300499,
				-49.657691519010768,
				63.141550176107955
			],
			"distance_to_camera": 1590.5653518290242,
			"has_projected_normal": true,
			"projected_normal_2d": [
				0.78648192992913624,
				-0.61761328830825968
			],
			"normal_green_angle_degrees": 6.5702823014205567,
			"normal_parallel_pass": true
		}
	],
	"mesh_vertices_world": [
		[
			599.44899999999996,
			-51.167999999999999,
			499.77800000000002
		],
		[
			-599.88900000000001,
			-49.996000000000002,
			499.25999999999999
		],
		[
			-599.72699999999998,
			-49.508000000000003,
			0.114
		],
		[
			599.61099999999999,
			-50.680999999999997,
			0.63200000000000001
		]
	],
	"mesh_triangles": [
		[
			3,
			0,
			1
		],
		[
			1,
			2,
			3
		]
	]
}