{
	"component": "Component_03",
	"action": "excavate",
	"source_polygon_key": "cap_polygon",
	"copied_polygon_key": "cap_polygon_translated_opposite",
	"success": true,
	"error": "",
	"warning": "",
	"actor_name": "FromLZ_ReconstructedSolid_Press_01_Component_03",
	"cap_width": 1716,
	"cap_height": 1273,
	"faces_width": 1716,
	"faces_height": 1273,
	"selected_source_face_id": 4,
	"attach_material_id_lookup_attempted": false,
	"attach_material_id_found": false,
	"attach_material_id_error": "",
	"source_plane_point": [
		280.161,
		-140.16800000000001,
		260.16800000000001
	],
	"source_plane_normal": [
		-0.00097999905880935588,
		-0.99999903960138359,
		-0.00097999905880935588
	],
	"oriented_normal_source_to_copied": [
		0.00097999905880935588,
		0.99999903960138359,
		0.00097999905880935588
	],
	"source_to_copied_vector_2d": [
		16,
		-6
	],
	"projected_oriented_normal_2d": [
		0.74715006881307944,
		-0.66465538038340655
	],
	"extrusion_depth": 20.395684036448429,
	"max_depth_sample_reprojection_error_pixels": 25,
	"mean_copied_reprojection_error_pixels": 6.1515856732559495,
	"max_copied_reprojection_error_pixels": 6.1515856732560685,
	"depth_samples": [
		{
			"index": 0,
			"valid": true,
			"error": "",
			"source_pixel_2d": [
				287,
				528
			],
			"copied_pixel_2d": [
				303,
				522
			],
			"source_world": [
				308.5183663505336,
				-140.21611742510458,
				280.91004702152628
			],
			"point_on_extrusion": [
				308.53835410169307,
				-119.82045297664288,
				280.93003477268576
			],
			"point_on_copied_ray": [
				308.53835410169307,
				-119.82045297664288,
				280.93003477268576
			],
			"depth": 20.395684036448429,
			"closest_world_distance": 0,
			"reprojection_error_pixels": 6.1515856732559078
		},
		{
			"index": 1,
			"valid": true,
			"error": "",
			"source_pixel_2d": [
				286,
				566
			],
			"copied_pixel_2d": [
				302,
				560
			],
			"source_world": [
				309.59300336272975,
				-140.17704857192052,
				239.96923329109666
			],
			"point_on_extrusion": [
				309.61299111388922,
				-119.78138412345882,
				239.98922104225616
			],
			"point_on_copied_ray": [
				309.61299111388922,
				-119.78138412345882,
				239.98922104225616
			],
			"depth": 20.395684036448429,
			"closest_world_distance": 0,
			"reprojection_error_pixels": 6.1515856732560685
		},
		{
			"index": 2,
			"valid": true,
			"error": "",
			"source_pixel_2d": [
				320,
				581
			],
			"copied_pixel_2d": [
				336,
				575
			],
			"source_world": [
				273.89553384513334,
				-140.13824811477582,
				236.07439959973999
			],
			"point_on_extrusion": [
				273.91552159629282,
				-119.74258366631412,
				236.0943873508995
			],
			"point_on_copied_ray": [
				273.91552159629282,
				-119.74258366631412,
				236.0943873508995
			],
			"depth": 20.395684036448429,
			"closest_world_distance": 0,
			"reprojection_error_pixels": 6.1515856732559842
		},
		{
			"index": 3,
			"valid": true,
			"error": "",
			"source_pixel_2d": [
				320,
				582
			],
			"copied_pixel_2d": [
				336,
				576
			],
			"source_world": [
				273.89617668285109,
				-140.13720209988264,
				235.0063946261165
			],
			"point_on_extrusion": [
				273.91616443401057,
				-119.74153765142094,
				235.02638237727601
			],
			"point_on_copied_ray": [
				273.91616443401057,
				-119.74153765142094,
				235.02638237727601
			],
			"depth": 20.395684036448429,
			"closest_world_distance": 0,
			"reprojection_error_pixels": 6.1515856732559842
		},
		{
			"index": 4,
			"valid": true,
			"error": "",
			"source_pixel_2d": [
				331,
				542
			],
			"copied_pixel_2d": [
				347,
				536
			],
			"source_world": [
				262.31816220599529,
				-140.17156585528028,
				281.64946563114484
			],
			"point_on_extrusion": [
				262.33814995715477,
				-119.77590140681858,
				281.66945338230431
			],
			"point_on_copied_ray": [
				262.33814995715477,
				-119.77590140681858,
				281.66945338230431
			],
			"depth": 20.395684036448429,
			"closest_world_distance": 0,
			"reprojection_error_pixels": 6.1515856732558616
		},
		{
			"index": 5,
			"valid": true,
			"error": "",
			"source_pixel_2d": [
				310,
				538
			],
			"copied_pixel_2d": [
				326,
				532
			],
			"source_world": [
				284.36998361249533,
				-140.19002388275555,
				278.43236613820005
			],
			"point_on_extrusion": [
				284.38997136365481,
				-119.79435943429385,
				278.45235388935953
			],
			"point_on_copied_ray": [
				284.38997136365481,
				-119.79435943429385,
				278.45235388935953
			],
			"depth": 20.395684036448429,
			"closest_world_distance": 0,
			"reprojection_error_pixels": 6.1515856732558989
		},
		{
			"index": 6,
			"valid": true,
			"error": "",
			"source_pixel_2d": [
				309.5,
				536.5
			],
			"copied_pixel_2d": [
				325.5,
				530.5
			],
			"source_world": [
				284.89412394537999,
				-140.19193276147405,
				279.85606123226779
			],
			"point_on_extrusion": [
				284.91411169653946,
				-119.79626831301235,
				279.87604898342727
			],
			"point_on_copied_ray": [
				284.91411169653946,
				-119.79626831301235,
				279.87604898342727
			],
			"depth": 20.395684036448429,
			"closest_world_distance": 0,
			"reprojection_error_pixels": 6.1515856732559371
		}
	],
	"source_loop_2d": [
		[
			309.5,
			536.5
		],
		[
			310,
			538
		],
		[
			331,
			542
		],
		[
			320,
			582
		],
		[
			320,
			581
		],
		[
			286,
			566
		],
		[
			287,
			528
		]
	],
	"copied_target_loop_2d": [
		[
			325.5,
			530.5
		],
		[
			326,
			532
		],
		[
			347,
			536
		],
		[
			336,
			576
		],
		[
			336,
			575
		],
		[
			302,
			560
		],
		[
			303,
			522
		]
	],
	"reprojected_source_loop_2d": [
		[
			309.49999999999989,
			536.50000000000011
		],
		[
			310,
			538
		],
		[
			331.00000000000017,
			542.00000000000023
		],
		[
			320.00000000000006,
			581.99999999999989
		],
		[
			320.00000000000006,
			581
		],
		[
			286.00000000000011,
			565.99999999999989
		],
		[
			287.00000000000017,
			528
		]
	],
	"reprojected_copied_loop_2d": [
		[
			321.41131548438091,
			525.90384234091732
		],
		[
			321.91131548438096,
			527.40384234091732
		],
		[
			342.91131548438102,
			531.40384234091732
		],
		[
			331.91131548438096,
			571.40384234091721
		],
		[
			331.91131548438096,
			570.40384234091721
		],
		[
			297.91131548438096,
			555.40384234091709
		],
		[
			298.91131548438108,
			517.40384234091721
		]
	],
	"source_loop_world": [
		[
			284.89412394537999,
			-140.19193276147405,
			279.85606123226779
		],
		[
			284.36998361249533,
			-140.19002388275555,
			278.43236613820005
		],
		[
			262.31816220599529,
			-140.17156585528028,
			281.64946563114484
		],
		[
			273.89617668285109,
			-140.13720209988264,
			235.0063946261165
		],
		[
			273.89553384513334,
			-140.13824811477582,
			236.07439959973999
		],
		[
			309.59300336272975,
			-140.17704857192052,
			239.96923329109666
		],
		[
			308.5183663505336,
			-140.21611742510458,
			280.91004702152628
		]
	],
	"copied_loop_world": [
		[
			284.91411169653946,
			-119.79626831301235,
			279.87604898342727
		],
		[
			284.38997136365481,
			-119.79435943429385,
			278.45235388935953
		],
		[
			262.33814995715477,
			-119.77590140681858,
			281.66945338230431
		],
		[
			273.91616443401057,
			-119.74153765142094,
			235.02638237727601
		],
		[
			273.91552159629282,
			-119.74258366631412,
			236.0943873508995
		],
		[
			309.61299111388922,
			-119.78138412345882,
			239.98922104225616
		],
		[
			308.53835410169307,
			-119.82045297664288,
			280.93003477268576
		]
	],