{
	"component": "Component_03",
	"action": "excavate",
	"source_polygon_key": "cap_polygon",
	"copied_polygon_key": "cap_polygon_translated",
	"success": true,
	"error": "",
	"warning": "",
	"actor_name": "FromLZ_ReconstructedSolid_Press_01_Component_03",
	"cap_width": 2576,
	"cap_height": 1724,
	"faces_width": 2576,
	"faces_height": 1724,
	"selected_source_face_id": 1,
	"projection_matrix_available": true,
	"projection_matrix_source": "orthographic_stable_after_wait.final_projection_matrix",
	"projection_validation": "capture camera, faces, and actor/material projection metadata match",
	"projection_viewport_width": 2576,
	"projection_viewport_height": 1724,
	"projection_m00": 0.00087142530267189937,
	"projection_m11": 0.0013020833333333333,
	"projection_m30": 0,
	"projection_m31": 0,
	"projection_horizontal_span": 2295.090576171875,
	"projection_vertical_span": 1536,
	"attach_material_id_lookup_attempted": false,
	"attach_material_id_found": false,
	"attach_material_id_error": "",
	"source_plane_point": [
		-7.9550000000000001,
		-50.331000000000003,
		250.19
	],
	"source_plane_normal": [
		-0.00097999905880935588,
		-0.99999903960138359,
		-0.00097999905880935588
	],
	"oriented_normal_source_to_copied": [
		0.00097999905880935588,
		0.99999903960138359,
		0.00097999905880935588
	],
	"source_to_copied_vector_2d": [
		179,
		-110
	],
	"projected_oriented_normal_2d": [
		0.78648192992913601,
		-0.61761328830825957
	],
	"extrusion_depth": 465.6085070025843,
	"max_depth_sample_reprojection_error_pixels": 157.57319727669423,
	"mean_source_reprojection_error_pixels": 1.3252308974065703e-13,
	"max_source_reprojection_error_pixels": 3.2155493553843715e-13,
	"mean_copied_reprojection_error_pixels": 24.039766314973576,
	"max_copied_reprojection_error_pixels": 24.039766314973836,
	"depth_samples": [
		{
			"index": 0,
			"valid": true,
			"error": "",
			"source_pixel_2d": [
				1528,
				1184
			],
			"copied_pixel_2d": [
				1707,
				1074
			],
			"source_world": [
				-414.85261304370533,
				-49.688187503694735,
				1.1564943648471058
			],
			"point_on_extrusion": [
				-414.39631714506919,
				415.91987232912368,
				1.6127902634832678
			],
			"point_on_copied_ray": [
				-414.39631714506919,
				415.91987232912368,
				1.6127902634832678
			],
			"depth": 465.6085070025843,
			"closest_world_distance": 0,
			"reprojection_error_pixels": 24.039766314973416
		},
		{
			"index": 1,
			"valid": true,
			"error": "",
			"source_pixel_2d": [
				1529,
				1186
			],
			"copied_pixel_2d": [
				1708,
				1076
			],
			"source_world": [
				-415.79048754222799,
				-49.685537447188381,
				-0.60977042901197365
			],
			"point_on_extrusion": [
				-415.33419164359185,
				415.92252238563003,
				-0.15347453037581166
			],
			"point_on_copied_ray": [
				-415.33419164359185,
				415.92252238563003,
				-0.15347453037581166
			],
			"depth": 465.6085070025843,
			"closest_world_distance": 0,
			"reprojection_error_pixels": 24.039766314973416
		},
		{
			"index": 2,
			"valid": true,
			"error": "",
			"source_pixel_2d": [
				1538,
				1185
			],
			"copied_pixel_2d": [
				1717,
				1075
			],
			"source_world": [
				-424.23705878264963,
				-49.678860830945268,
				1.0239270942869894
			],
			"point_on_extrusion": [
				-423.78076288401348,
				415.92919900187314,
				1.4802229929231514
			],
			"point_on_copied_ray": [
				-423.78076288401348,
				415.92919900187314,
				1.4802229929231514
			],
			"depth": 465.6085070025843,
			"closest_world_distance": 0,
			"reprojection_error_pixels": 24.039766314973555
		},
		{
			"index": 3,
			"valid": true,
			"error": "",
			"source_pixel_2d": [
				1724,
				1201
			],
			"copied_pixel_2d": [
				1903,
				1091
			],
			"source_world": [
				-598.78852963015981,
				-49.507734829388255,
				0.95702900591828666
			],
			"point_on_extrusion": [
				-598.33223373152362,
				416.10032500343016,
				1.4133249045544487
			],
			"point_on_copied_ray": [
				-598.33223373152362,
				416.10032500343016,
				1.4133249045544487
			],
			"depth": 465.6085070025843,
			"closest_world_distance": 0,
			"reprojection_error_pixels": 24.039766314973836
		},
		{
			"index": 4,
			"valid": true,
			"error": "",
			"source_pixel_2d": [
				1726,
				1199
			],
			"copied_pixel_2d": [
				1905,
				1089
			],
			"source_world": [
				-600.66607886522161,
				-49.507858050790674,
				2.960314365999352
			],
			"point_on_extrusion": [
				-600.20978296658541,
				416.10020178202774,
				3.4166102646355139
			],
			"point_on_copied_ray": [
				-600.20978296658541,
				416.10020178202774,
				3.4166102646355139
			],
			"depth": 465.6085070025843,
			"closest_world_distance": 0,
			"reprojection_error_pixels": 24.039766314973594
		},
		{
			"index": 5,
			"valid": true,
			"error": "",
			"source_pixel_2d": [
				1725,
				1066
			],
			"copied_pixel_2d": [
				1904,
				956
			],
			"source_world": [
				-599.76750956338503,
				-49.628917575370906,
				125.59187218681035
			],
			"point_on_extrusion": [
				-599.31121366474883,
				415.97914225744751,
				126.04816808544651
			],
			"point_on_copied_ray": [
				-599.31121366474883,
				415.97914225744751,
				126.04816808544651
			],
			"depth": 465.6085070025843,
			"closest_world_distance": 0,
			"reprojection_error_pixels": 24.039766314973786
		},
		{
			"index": 6,
			"valid": true,
			"error": "",
			"source_pixel_2d": [
				1694,
				1062
			],
			"copied_pixel_2d": [
				1873,
				952
			],
			"source_world": [
				-570.67599780835928,
				-49.658643761056283,
				126.83320296771603
			],
			"point_on_extrusion": [
				-570.21970190972309,
				415.94941607176213,
				127.28949886635219
			],
			"point_on_copied_ray": [
				-570.21970190972309,
				415.94941607176213,
				127.28949886635219
			],
			"depth": 465.6085070025843,
			"closest_world_distance": 0,
			"reprojection_error_pixels": 24.039766314973555
		},
		{
			"index": 7,
			"valid": true,
			"error": "",
			"source_pixel_2d": [
				1633,
				1058
			],
			"copied_pixel_2d": [
				1812,
				948
			],
			"source_world": [
				-513.43024871749117,
				-49.713638297781472,
				125.7043280864022
			],
			"point_on_extrusion": [
				-512.97395281885497,
				415.89442153503694,
				126.16062398503836
			],
			"point_on_copied_ray": [
				-512.97395281885497,
				415.89442153503694,
				126.16062398503836
			],
			"depth": 465.6085070025843,
			"closest_world_distance": 0,
			"reprojection_error_pixels": 24.039766314973825
		},
		{
			"index": 8,
			"valid": true,
			"error": "",
			"source_pixel_2d": [
				1606,
				1055
			],
			"copied_pixel_2d": [
				1785,
				945
			],
			"source_world": [
				-488.09233523424166,
				-49.739091480925254,
				126.3390504643038
			],
			"point_on_extrusion": [
				-487.63603933560552,
				415.86896835189316,
				126.79534636293995
			],
			"point_on_copied_ray": [
				-487.63603933560552,
				415.86896835189316,
				126.79534636293995
			],
			"depth": 465.6085070025843,
			"closest_world_distance": 0,
			"reprojection_error_pixels": 24.039766314973555
		},
		{
			"index": 9,
			"valid": true,
			"error": "",
			"source_pixel_2d": [
				1528,
				1054
			],
			"copied_pixel_2d": [
				1707,
				944
			],
			"source_world": [
				-414.89161820072201,
				-49.805693082699008,
				121.09915156716562
			],
			"point_on_extrusion": [
				-414.43532230208586,
				415.8023667501194,
				121.55544746580178
			],
			"point_on_copied_ray": [
				-414.43532230208586,
				415.8023667501194,
				121.55544746580178
			],
			"depth": 465.6085070025843,
			"closest_world_distance": 0,
			"reprojection_error_pixels": 24.039766314973274
		}
	],
	"source_loop_2d": [
		[
			1528,
			1054
		],
		[
			1606,
			1055
		],
		[
			1633,
			1058
		],
		[
			1694,
			1062
		],
		[
			1725,
			1066
		],
		[
			1726,
			1199
		],
		[
			1724,
			1201
		],
		[
			1538,
			1185
		],
		[
			1529,
			1186
		],
		[
			1528,
			1184
		]
	],