{
  "found": true,
  "used_black": true,
  "side_stroke_id": 97,
  "side_vector": [26.000, -15.000],
  "side_length": 30.017,
  "side_chain_path_length": 32.799,
  "side_chain_start": [1044.000, 320.000],
  "side_chain_end": [1070.000, 305.000],
  "side_seed_direction": [-0.866186, 0.499722],
  "side_trace_total_gap": 0.000,
  "side_trace_stop_reason": "bidirectional:first=all_nearby_green_visited,last=no_chain_direction_match",
  "green_trace_endpoint_tol": 10.000,
  "green_trace_max_chain_deviation_degrees": 45.000,
  "side_chain_stroke_ids": [97],
  "action": "excavate",
  "decision_reason": "inside_greater_than_outside",
  "local_green_count": 2,
  "inside_green_total": 39.799,
  "outside_green_total": 8.000,
  "has_interior_green": true,
  "interior_green_stroke_id": 97,
  "interior_green_inside_points": 28,
  "interior_green_total_points": 28,
  "interior_green_inside_ratio": 1.000000,
  "interior_green_inside_length": 32.799,
  "interior_green_stroke_length": 32.799,
  "interior_green_min_inside_length": 10.000,
  "candidate_source": "local_black",
  "candidate_anchor_stroke_id": 72,
  "side_vectors": [[26.000, -15.000]],
  "side_segments": [[[1044.00, 320.00], [1070.00, 305.00]]],
  "cap_stroke_ids": [71, 76, 95, 113, 107, 194, 72],
  "cap_polygon": [[1042.00, 261.00], [1043.00, 261.00], [1044.00, 261.00], [1045.00, 261.00], [1046.00, 261.00], [1047.00, 261.00], [1048.00, 262.00], [1049.00, 262.00], [1050.00, 262.00], [1051.00, 262.00], [1052.00, 262.00], [1052.00, 263.00], [1053.00, 263.00], [1054.00, 263.00], [1055.00, 263.00], [1056.00, 263.00], [1056.00, 264.00], [1057.00, 264.00], [1058.00, 264.00], [1059.00, 264.00], [1060.00, 264.00], [1060.00, 265.00], [1061.00, 265.00], [1062.00, 265.00], [1063.00, 265.00], [1064.00, 265.00], [1064.00, 266.00], [1065.00, 266.00], [1066.00, 266.00], [1067.00, 266.00], [1068.00, 266.00], [1069.00, 266.00], [1070.00, 267.00], [1071.00, 268.00], [1077.00, 269.00], [1078.00, 269.00], [1079.00, 269.00], [1080.00, 269.00], [1080.00, 270.00], [1081.00, 270.00], [1082.00, 270.00], [1083.00, 270.00], [1083.00, 271.00], [1084.00, 271.00], [1085.00, 271.00], [1086.00, 271.00], [1087.00, 271.00], [1087.00, 272.00], [1088.00, 272.00], [1089.00, 272.00], [1090.00, 272.00], [1091.00, 272.00], [1091.00, 273.00], [1092.00, 273.00], [1093.00, 273.00], [1094.00, 273.00], [1095.00, 273.00], [1095.00, 274.00], [1096.00, 274.00], [1097.00, 274.00], [1098.00, 274.00], [1099.00, 274.00], [1099.00, 275.00], [1100.00, 275.00], [1101.00, 275.00], [1102.00, 275.00], [1103.00, 275.00], [1103.00, 276.00], [1104.00, 276.00], [1105.00, 276.00], [1106.00, 276.00], [1107.00, 276.00], [1107.00, 277.00], [1108.00, 277.00], [1109.00, 277.00], [1110.00, 277.00], [1111.00, 277.00], [1111.00, 278.00], [1112.00, 278.00], [1113.00, 278.00], [1114.00, 278.00], [1115.00, 278.00], [1115.00, 279.00], [1116.00, 279.00], [1117.00, 279.00], [1118.00, 279.00], [1119.00, 279.00], [1119.00, 280.00], [1120.00, 280.00], [1121.00, 280.00], [1122.00, 280.00], [1123.00, 280.00], [1123.00, 281.00], [1124.00, 281.00], [1125.00, 281.00], [1126.00, 281.00], [1127.00, 281.00], [1127.00, 282.00], [1128.00, 282.00], [1129.00, 282.00], [1130.00, 282.00], [1130.00, 283.00], [1131.00, 283.00], [1132.00, 283.00], [1133.00, 283.00], [1134.00, 283.00], [1135.00, 283.00], [1136.00, 284.00], [1137.00, 285.00], [1137.00, 286.00], [1137.00, 287.00], [1137.00, 288.00], [1137.00, 289.00], [1137.00, 290.00], [1137.00, 291.00], [1137.00, 292.00], [1137.00, 293.00], [1137.00, 294.00], [1137.00, 295.00], [1137.00, 296.00], [1137.00, 297.00], [1137.00, 298.00], [1137.00, 299.00], [1137.00, 300.00], [1137.00, 301.00], [1137.00, 302.00], [1137.00, 303.00], [1137.00, 304.00], [1137.00, 305.00], [1137.00, 306.00], [1137.00, 307.00], [1137.00, 308.00], [1137.00, 309.00], [1137.00, 310.00], [1137.00, 311.00], [1137.00, 312.00], [1137.00, 313.00], [1137.00, 314.00], [1137.00, 315.00], [1137.00, 316.00], [1137.00, 317.00], [1137.00, 318.00], [1137.00, 319.00], [1136.00, 320.00], [1136.00, 321.00], [1136.00, 322.00], [1136.00, 323.00], [1135.00, 324.00], [1135.00, 325.00], [1135.00, 326.00], [1135.00, 327.00], [1135.00, 328.00], [1135.00, 329.00], [1134.00, 330.00], [1134.00, 331.00], [1134.00, 332.00], [1134.00, 333.00], [1134.00, 334.00], [1134.00, 335.00], [1134.00, 336.00], [1134.00, 337.00], [1134.00, 338.00], [1134.00, 339.00], [1134.00, 340.00], [1134.00, 341.00], [1134.00, 342.00], [1134.00, 343.00], [1134.00, 344.00], [1133.00, 345.00], [1133.00, 346.00], [1133.00, 347.00], [1133.00, 348.00], [1132.00, 348.00], [1131.00, 348.00], [1130.00, 348.00], [1129.00, 348.00], [1128.00, 348.00], [1127.00, 348.00], [1126.00, 348.00], [1125.00, 348.00], [1125.00, 347.00], [1124.00, 347.00], [1123.00, 347.00], [1122.00, 347.00], [1121.00, 347.00], [1121.00, 346.00], [1120.00, 346.00], [1119.00, 346.00], [1118.00, 346.00], [1117.00, 346.00], [1117.00, 345.00], [1116.00, 345.00], [1115.00, 345.00], [1114.00, 345.00], [1113.00, 345.00], [1113.00, 344.00], [1112.00, 344.00], [1111.00, 344.00], [1110.00, 344.00], [1109.00, 344.00], [1109.00, 343.00], [1108.00, 343.00], [1107.00, 343.00], [1106.00, 343.00], [1105.00, 343.00], [1105.00, 342.00], [1104.00, 342.00], [1103.00, 342.00], [1102.00, 342.00], [1101.00, 342.00], [1101.00, 341.00], [1100.00, 341.00], [1099.00, 341.00], [1098.00, 341.00], [1098.00, 340.00], [1097.00, 340.00], [1096.00, 340.00], [1095.00, 340.00], [1094.00, 340.00], [1094.00, 339.00], [1093.00, 339.00], [1092.00, 339.00], [1091.00, 339.00], [1090.00, 339.00], [1090.00, 338.00], [1089.00, 338.00], [1088.00, 338.00], [1087.00, 338.00], [1086.00, 338.00], [1086.00, 337.00], [1085.00, 337.00], [1084.00, 337.00], [1083.00, 337.00], [1082.00, 337.00], [1082.00, 336.00], [1081.00, 336.00], [1080.00, 336.00], [1079.00, 336.00], [1078.00, 336.00], [1078.00, 335.00], [1077.00, 335.00], [1076.00, 335.00], [1075.00, 335.00], [1074.00, 335.00], [1074.00, 334.00], [1073.00, 334.00], [1072.00, 334.00], [1070.00, 332.00], [1069.00, 332.00], [1068.00, 332.00], [1067.00, 332.00], [1066.00, 332.00], [1065.00, 332.00], [1064.00, 332.00], [1063.00, 332.00], [1062.00, 332.00], [1062.00, 331.00], [1061.00, 331.00], [1060.00, 331.00], [1059.00, 331.00], [1058.00, 331.00], [1058.00, 330.00], [1057.00, 330.00], [1056.00, 330.00], [1055.00, 330.00], [1055.00, 329.00], [1054.00, 329.00], [1053.00, 329.00], [1052.00, 329.00], [1051.00, 329.00], [1050.00, 328.00], [1049.00, 328.00], [1048.00, 328.00], [1047.00, 328.00], [1046.00, 328.00], [1045.00, 328.00], [1044.00, 327.00], [1044.00, 320.00], [1042.00, 318.00], [1042.00, 317.00], [1042.00, 316.00], [1042.00, 315.00], [1042.00, 314.00], [1042.00, 313.00], [1042.00, 312.00], [1042.00, 311.00], [1042.00, 310.00], [1042.00, 309.00], [1042.00, 308.00], [1042.00, 307.00], [1042.00, 306.00], [1042.00, 305.00], [1042.00, 304.00], [1042.00, 303.00], [1042.00, 302.00], [1042.00, 301.00], [1042.00, 300.00], [1042.00, 299.00], [1042.00, 298.00], [1042.00, 297.00], [1042.00, 296.00], [1042.00, 295.00], [1042.00, 294.00], [1042.00, 293.00], [1042.00, 292.00], [1042.00, 291.00], [1042.00, 290.00], [1042.00, 289.00], [1042.00, 288.00], [1042.00, 287.00], [1042.00, 286.00], [1042.00, 285.00], [1042.00, 284.00], [1042.00, 283.00], [1042.00, 282.00], [1042.00, 281.00], [1042.00, 280.00], [1042.00, 279.00], [1042.00, 278.00], [1042.00, 277.00], [1042.00, 276.00], [1042.00, 275.00], [1042.00, 274.00], [1042.00, 273.00], [1042.00, 272.00], [1042.00, 271.00], [1042.00, 270.00], [1042.00, 269.00], [1042.00, 268.00], [1042.00, 267.00], [1042.00, 266.00], [1042.00, 265.00], [1042.00, 264.00], [1042.00, 263.00], [1042.00, 262.00], [1042.00, 261.00], [1042.00, 258.38]],