{
	"component": "Component_02",
	"action": "attach",
	"polygon_key": "cap_polygon_translated",
	"success": true,
	"error": "",
	"actor_name": "FromLZ_ReconstructedFace_Press_03_Component_02",
	"cap_width": 1720,
	"cap_height": 1222,
	"faces_width": 1720,
	"faces_height": 1222,
	"cap_mask_pixels": 42296,
	"min_overlap_pixels": 2115,
	"green_line_vector_2d": [
		0.82404192419936761,
		-0.56652882288706519
	],
	"green_line_vectors_2d": [
		[
			0.82404192419936761,
			-0.56652882288706519
		],
		[
			1,
			0
		],
		[
			0.88813023448368777,
			-0.45959186959295728
		],
		[
			0.44721359549995793,
			-0.89442719099991586
		],
		[
			0.76774791069847448,
			-0.64075201569571927
		],
		[
			0,
			-1
		]
	],
	"normal_parallel_threshold_degrees": 10,
	"selected_face_id": 3,
	"selected_plane_hit_3d": [
		264.12492125401332,
		-140.22050699561487,
		272.62878855703423
	],
	"candidates": [
		{
			"face_id": 1,
			"overlap_pixels": 32929,
			"overlap_ratio": 0.77853697749196138,
			"mask_centroid_2d": [
				622.27123508153909,
				537.08686871754378
			],
			"has_plane_hit": true,
			"plane_hit_3d": [
				204.68277640670289,
				-50.509202933668803,
				329.30903345935997
			],
			"distance_to_camera": 816.80804106304095,
			"has_projected_normal": true,
			"projected_normal_2d": [
				0.42613077914749103,
				-0.90466157156317428
			],
			"normal_green_angle_degrees": 1.342792120564849,
			"normal_parallel_pass": true
		},
		{
			"face_id": 3,
			"overlap_pixels": 6057,
			"overlap_ratio": 0.14320503120862493,
			"mask_centroid_2d": [
				543.91010401188714,
				622.08989598811297
			],
			"has_plane_hit": true,
			"plane_hit_3d": [
				264.12492125401332,
				-140.22050699561487,
				272.62878855703423
			],
			"distance_to_camera": 774.96147132775411,
			"has_projected_normal": true,
			"projected_normal_2d": [
				0.42613077914749103,
				-0.90466157156317428
			],
			"normal_green_angle_degrees": 1.342792120564849,
			"normal_parallel_pass": true
		},
		{
			"face_id": 5,
			"overlap_pixels": 2120,
			"overlap_ratio": 0.050122943067902402,
			"mask_centroid_2d": [
				548.36037735849061,
				568.72735849056608
			],
			"has_plane_hit": true,
			"plane_hit_3d": [
				265.62944831975932,
				-95.563041734746207,
				310.03855617845329
			],
			"distance_to_camera": 805.49252146857816,
			"has_projected_normal": true,
			"projected_normal_2d": [
				0.00088298265154575478,
				-0.99999961017074257
			],
			"normal_green_angle_degrees": 0.050591185889598669,
			"normal_parallel_pass": true
		}
	],
	"mesh_vertices_world": [
		[
			329.71699999999998,
			-140.31999999999999,
			309.41699999999997
		],
		[
			230.751,
			-140.22399999999999,
			309.86399999999998
		],
		[
			230.76300000000001,
			-140.12799999999999,
			210.91399999999999
		],
		[
			329.72800000000001,
			-140.22399999999999,
			210.46600000000001
		]
	],
	"mesh_triangles": [
		[
			3,
			0,
			1
		],
		[
			1,
			2,
			3
		]
	]
}