{
	"component": "Component_02",
	"action": "excavate",
	"polygon_key": "cap_polygon",
	"success": true,
	"error": "",
	"actor_name": "FromLZ_ReconstructedFace_Press_03_Component_02",
	"cap_width": 2030,
	"cap_height": 800,
	"faces_width": 2030,
	"faces_height": 800,
	"cap_mask_pixels": 6197,
	"min_overlap_pixels": 310,
	"green_line_vector_2d": [
		0.86618558604860052,
		-0.49972245348957722
	],
	"green_line_vectors_2d": [
		[
			0.86618558604860052,
			-0.49972245348957722
		]
	],
	"normal_parallel_threshold_degrees": 30,
	"preferred_normal_angle_threshold_degrees": 10,
	"selected_face_id": 1,
	"selected_plane_hit_3d": [
		-753.87999683879843,
		-2239.0198643580761,
		421.50127146619434
	],
	"candidates": [
		{
			"face_id": 1,
			"overlap_pixels": 6131,
			"overlap_ratio": 0.98934968533161205,
			"mask_centroid_2d": [
				1088.9392431903443,
				305.10218561409232
			],
			"has_plane_hit": true,
			"plane_hit_3d": [
				-753.87999683879843,
				-2239.0198643580761,
				421.50127146619434
			],
			"distance_to_camera": 1024.6175350513074,
			"has_projected_normal": true,
			"projected_normal_2d": [
				0.67525080422863959,
				-0.73758819905728934
			],
			"normal_green_angle_degrees": 17.544731009754706,
			"normal_parallel_pass": true
		}
	],
	"mesh_vertices_world": [
		[
			-5.306,
			-2240.3490000000002,
			0.11
		],
		[
			-103.523,
			-2240.4430000000002,
			0.58599999999999997
		],
		[
			-107.624,
			-2240.098,
			71.953000000000003
		],
		[
			-1365.2439999999999,
			-2241.337,
			69.777000000000001
		],
		[
			-1330.9670000000001,
			-2241.0700000000002,
			117.602
		],
		[
			-1179.364,
			-2240.9079999999999,
			120.315
		],
		[
			-1185.0530000000001,
			-2239.4380000000001,
			422.28399999999999
		],
		[
			-1328.1099999999999,
			-2239.5790000000002,
			421.89400000000001
		],
		[
			-1330.6610000000001,
			-2240.4380000000001,
			246.79300000000001
		],
		[
			-1356.289,
			-2240.4749999999999,
			244.35499999999999
		],
		[
			-1478.405,
			-2241.4430000000002,
			70.719999999999999
		],
		[
			-1529.6500000000001,
			-2241.4949999999999,
			70.378
		],
		[
			-1528.644,
			-2239.422,
			494.214
		],
		[
			-281.702,
			-2238.1959999999999,
			495.75099999999998
		],
		[
			-280.09800000000001,
			-2239.288,
			271.94799999999998
		],
		[
			-651.62099999999998,
			-2239.6579999999999,
			270.59800000000001
		],
		[
			-655.71100000000001,
			-2239.2910000000002,
			346.49700000000001
		],
		[
			-852.14400000000001,
			-2239.4780000000001,
			347.44999999999999
		],
		[
			-856.83699999999999,
			-2240.3530000000001,
			169.501
		],
		[
			-722.32000000000005,
			-2240.2199999999998,
			169.834
		],
		[
			-688.18899999999996,
			-2240.252,
			156.46299999999999
		],
		[
			-4.9029999999999996,
			-2239.5169999999998,
			170.09700000000001
		]
	],
	"mesh_triangles": [
		[
			21,
			0,
			1
		],
		[
			21,
			1,
			2
		],
		[
			21,
			2,
			3
		],
		[
			3,
			4,
			5
		],
		[
			21,
			3,
			5
		],
		[
			7,
			8,
			9
		],
		[
			7,
			9,
			10
		],
		[
			7,
			10,
			11
		],
		[
			7,
			11,
			12
		],
		[
			6,
			7,
			12
		],
		[
			6,
			12,
			13
		],
		[
			13,
			14,
			15
		],
		[
			13,
			15,
			16
		],
		[
			6,
			13,
			16
		],
		[
			6,
			16,
			17
		],
		[
			5,
			6,
			17
		],
		[
			5,
			17,
			18
		],
		[
			5,
			18,
			19
		],
		[
			5,
			19,
			20
		],
		[
			5,
			20,
			21
		]
	]
}