{
	"component": "Component_02",
	"action": "excavate",
	"source_polygon_key": "cap_polygon",
	"copied_polygon_key": "cap_polygon_translated",
	"success": true,
	"error": "",
	"warning": "",
	"actor_name": "FromLZ_ReconstructedSolid_Press_03_Component_02",
	"cap_width": 2030,
	"cap_height": 800,
	"faces_width": 2030,
	"faces_height": 800,
	"selected_source_face_id": 1,
	"projection_matrix_available": true,
	"projection_matrix_source": "orthographic_stable_after_wait.final_projection_matrix",
	"projection_validation": "capture camera, faces, and actor/material projection metadata match",
	"projection_viewport_width": 2030,
	"projection_viewport_height": 800,
	"projection_m00": 0.00051313627614148075,
	"projection_m11": 0.0013020833333333333,
	"projection_m30": 0,
	"projection_m31": 0,
	"projection_horizontal_span": 3897.6000976562505,
	"projection_vertical_span": 1536,
	"attach_material_id_lookup_attempted": false,
	"attach_material_id_found": false,
	"attach_material_id_error": "",
	"source_plane_point": [
		-841.19200000000001,
		-2239.788,
		281.91800000000001
	],
	"source_plane_normal": [
		-0.00097999761243472536,
		0.99998756373326636,
		-0.0048899880865365371
	],
	"oriented_normal_source_to_copied": [
		0.00097999761243472536,
		-0.99998756373326636,
		0.0048899880865365371
	],
	"source_to_copied_vector_2d": [
		26,
		-15
	],
	"projected_oriented_normal_2d": [
		0.67525080422863948,
		-0.73758819905728923
	],
	"extrusion_depth": 84.816621565694348,
	"max_depth_sample_reprojection_error_pixels": 25,
	"mean_source_reprojection_error_pixels": 1.4050563380222105e-13,
	"max_source_reprojection_error_pixels": 2.3437142008433856e-13,
	"mean_copied_reprojection_error_pixels": 9.0485311120599192,
	"max_copied_reprojection_error_pixels": 9.0485311120600009,
	"depth_samples": [
		{
			"index": 0,
			"valid": true,
			"error": "",
			"source_pixel_2d": [
				1042,
				261
			],
			"copied_pixel_2d": [
				1068,
				246
			],
			"source_world": [
				-853.93076241454878,
				-2238.7624550519404,
				494.19175864553495
			],
			"point_on_extrusion": [
				-853.84764232791963,
				-2323.5780218155055,
				494.6065109145315
			],
			"point_on_copied_ray": [
				-853.84764232791963,
				-2323.5780218155055,
				494.6065109145315
			],
			"depth": 84.816621565694348,
			"closest_world_distance": 0,
			"reprojection_error_pixels": 9.0485311120599476
		},
		{
			"index": 1,
			"valid": true,
			"error": "",
			"source_pixel_2d": [
				1064,
				265
			],
			"copied_pixel_2d": [
				1090,
				250
			],
			"source_world": [
				-806.94816220646658,
				-2238.6982504100379,
				497.90567513876556
			],
			"point_on_extrusion": [
				-806.86504211983743,
				-2323.513817173603,
				498.32042740776211
			],
			"point_on_copied_ray": [
				-806.86504211983743,
				-2323.513817173603,
				498.32042740776211
			],
			"depth": 84.816621565694348,
			"closest_world_distance": 0,
			"reprojection_error_pixels": 9.0485311120598002
		},
		{
			"index": 2,
			"valid": true,
			"error": "",
			"source_pixel_2d": [
				1071,
				268
			],
			"copied_pixel_2d": [
				1097,
				253
			],
			"source_world": [
				-792.00844809889736,
				-2238.6969746770696,
				495.17250548347795
			],
			"point_on_extrusion": [
				-791.92532801226821,
				-2323.5125414406348,
				495.5872577524745
			],
			"point_on_copied_ray": [
				-791.92532801226821,
				-2323.5125414406348,
				495.5872577524745
			],
			"depth": 84.816621565694348,
			"closest_world_distance": 0,
			"reprojection_error_pixels": 9.0485311120599476
		},
		{
			"index": 3,
			"valid": true,
			"error": "",
			"source_pixel_2d": [
				1130,
				282
			],
			"copied_pixel_2d": [
				1156,
				267
			],
			"source_world": [
				-666.02726830459471,
				-2238.5610794274903,
				497.71490516201806
			],
			"point_on_extrusion": [
				-665.94414821796556,
				-2323.3766461910554,
				498.12965743101461
			],
			"point_on_copied_ray": [
				-665.94414821796556,
				-2323.3766461910554,
				498.12965743101461
			],
			"depth": 84.816621565694348,
			"closest_world_distance": 0,
			"reprojection_error_pixels": 9.0485311120598713
		},
		{
			"index": 4,
			"valid": true,
			"error": "",
			"source_pixel_2d": [
				1137,
				285
			],
			"copied_pixel_2d": [
				1163,
				270
			],
			"source_world": [
				-651.08755419702516,
				-2238.5598036945221,
				494.98173550673067
			],
			"point_on_extrusion": [
				-651.00443411039601,
				-2323.3753704580872,
				495.39648777572722
			],
			"point_on_copied_ray": [
				-651.00443411039601,
				-2323.3753704580872,
				495.39648777572722
			],
			"depth": 84.816621565694348,
			"closest_world_distance": 0,
			"reprojection_error_pixels": 9.0485311120599103
		},
		{
			"index": 5,
			"valid": true,
			"error": "",
			"source_pixel_2d": [
				1137,
				319
			],
			"copied_pixel_2d": [
				1163,
				304
			],
			"source_world": [
				-651.27051990916652,
				-2238.9368157080053,
				417.92060320294848
			],
			"point_on_extrusion": [
				-651.18739982253737,
				-2323.7523824715704,
				418.33535547194504
			],
			"point_on_copied_ray": [
				-651.18739982253737,
				-2323.7523824715704,
				418.33535547194504
			],
			"depth": 84.816621565694348,
			"closest_world_distance": 0,
			"reprojection_error_pixels": 9.0485311120600009
		},
		{
			"index": 6,
			"valid": true,
			"error": "",
			"source_pixel_2d": [
				1133,
				348
			],
			"copied_pixel_2d": [
				1159,
				333
			],
			"source_world": [
				-659.9727835509309,
				-2239.2781227776804,
				349.86836634499014
			],
			"point_on_extrusion": [
				-659.88966346430175,
				-2324.0936895412456,
				350.28311861398669
			],
			"point_on_copied_ray": [
				-659.88966346430175,
				-2324.0936895412456,
				350.28311861398669
			],
			"depth": 84.816621565694348,
			"closest_world_distance": 0,
			"reprojection_error_pixels": 9.0485311120599103
		},
		{
			"index": 7,
			"valid": true,
			"error": "",
			"source_pixel_2d": [
				1044,
				327
			],
			"copied_pixel_2d": [
				1070,
				312
			],
			"source_world": [
				-850.01282882388421,
				-2239.4844329019679,
				345.76431382585326
			],
			"point_on_extrusion": [
				-849.92970873725505,
				-2324.2999996655331,
				346.17906609484982
			],
			"point_on_copied_ray": [
				-849.92970873725505,
				-2324.2999996655331,
				346.17906609484982
			],
			"depth": 84.816621565694348,
			"closest_world_distance": 0,
			"reprojection_error_pixels": 9.0485311120599476
		},
		{
			"index": 8,
			"valid": true,
			"error": "",
			"source_pixel_2d": [
				1042,
				258.38
			],
			"copied_pixel_2d": [
				1068,
				243.38
			],
			"source_world": [
				-853.91666329202496,
				-2238.7334029497247,
				500.12999884070882
			],
			"point_on_extrusion": [
				-853.83354320539581,
				-2323.5489697132898,
				500.54475110970537
			],
			"point_on_copied_ray": [
				-853.83354320539581,
				-2323.5489697132898,
				500.54475110970537
			],
			"depth": 84.816621565694348,
			"closest_world_distance": 0,
			"reprojection_error_pixels": 9.0485311120599476
		}
	],
	"source_loop_2d": [
		[
			1042,
			261
		],
		[
			1064,
			265
		],
		[
			1071,
			268
		],
		[
			1130,
			282
		],
		[
			1137,
			285
		],
		[
			1137,
			319
		],
		[
			1133,
			348
		],
		[
			1044,
			327
		],
		[
			1042,
			258.38
		]
	],
	"copied_target_loop_2d": [
		[
			1068,
			246
		],
		[
			1090,
			250
		],
		[
			1097,
			253
		],
		[
			1156,
			267
		],
		[
			1163,
			270
		],
		[
			1163,
			304
		],
		[
			1159,
			333
		],
		[
			1070,
			312
		],
		[
			1068,
			243.38
		]
	],
	"reprojected_source_loop_2d": [
		[
			1042.0000000000002,
			261
		],
		[
			1064,
			264.99999999999994
		],
		[
			1070.9999999999998,
			268
		],
		[
			1130,
			282.00000000000006
		],
		[
			1137,
			285.00000000000011
		],
		[
			1137,
			319.00000000000011
		],
		[
			1132.9999999999998,
			348.00000000000006
		],
		[
			1043.9999999999998,
			327.00000000000006
		],
		[
			1042,
			258.38
		]
	],