{
	"component": "Component_02",
	"action": "attach",
	"polygon_key": "cap_polygon_translated",
	"success": true,
	"error": "",
	"actor_name": "FromLZ_ReconstructedFace_Press_04_Component_02",
	"cap_width": 1720,
	"cap_height": 1222,
	"faces_width": 1720,
	"faces_height": 1222,
	"cap_mask_pixels": 42325,
	"min_overlap_pixels": 2117,
	"green_line_vector_2d": [
		0.82404192419936761,
		-0.56652882288706519
	],
	"green_line_vectors_2d": [
		[
			0.7514402250505251,
			-0.65980117321509524
		],
		[
			0,
			-1
		],
		[
			0.82404192419936761,
			-0.56652882288706519
		],
		[
			1,
			0
		],
		[
			0.88491822238198237,
			-0.46574643283262229
		],
		[
			0.44721359549995793,
			-0.89442719099991586
		]
	],
	"normal_parallel_threshold_degrees": 10,
	"selected_face_id": 1,
	"selected_plane_hit_3d": [
		149.78332323140413,
		-50.721938392657648,
		393.03062846010209
	],
	"candidates": [
		{
			"face_id": 1,
			"overlap_pixels": 40502,
			"overlap_ratio": 0.95692852923803895,
			"mask_centroid_2d": [
				605.27112241370799,
				555.96192780603428
			],
			"has_plane_hit": true,
			"plane_hit_3d": [
				149.78332323140413,
				-50.721938392657648,
				393.03062846010209
			],
			"distance_to_camera": 1276.4331074791291,
			"has_projected_normal": true,
			"projected_normal_2d": [
				0.55278185631757981,
				-0.83332599823003883
			],
			"normal_green_angle_degrees": 6.9930188751088007,
			"normal_parallel_pass": true
		}
	],
	"mesh_vertices_world": [
		[
			499.59500000000003,
			-51.167000000000002,
			500.226
		],
		[
			-499.23099999999999,
			-50.191000000000003,
			500.036
		],
		[
			-499.09899999999999,
			-49.703000000000003,
			0.70199999999999996
		],
		[
			499.72699999999998,
			-50.679000000000002,
			0.89200000000000002
		]
	],
	"mesh_triangles": [
		[
			3,
			0,
			1
		],
		[
			1,
			2,
			3
		]
	]
}