{
	"component": "Component_03",
	"action": "attach",
	"polygon_key": "cap_polygon_translated",
	"success": true,
	"error": "",
	"actor_name": "FromLZ_ReconstructedFace_Press_02_Component_03",
	"cap_width": 2576,
	"cap_height": 1724,
	"faces_width": 2576,
	"faces_height": 1724,
	"cap_mask_pixels": 32987,
	"min_overlap_pixels": 1650,
	"green_line_vector_2d": [
		-0.11502098611507329,
		0.99336306190290569
	],
	"green_line_vectors_2d": [
		[
			-0.11502098611507329,
			0.99336306190290569
		]
	],
	"normal_parallel_threshold_degrees": 30,
	"preferred_normal_angle_threshold_degrees": 10,
	"selected_face_id": 3,
	"selected_plane_hit_3d": [
		265.04835704216765,
		1363.5361028573725,
		0.48865485070155046
	],
	"candidates": [
		{
			"face_id": 3,
			"overlap_pixels": 32955,
			"overlap_ratio": 0.99902992087792164,
			"mask_centroid_2d": [
				1367.2576088605674,
				852.40829919587316
			],
			"has_plane_hit": true,
			"plane_hit_3d": [
				265.04835704216765,
				1363.5361028573725,
				0.48865485070155046
			],
			"distance_to_camera": 1075.1026233584448,
			"has_projected_normal": true,
			"projected_normal_2d": [
				-0.00017081642385609414,
				0.99999998541087454
			],
			"normal_green_angle_degrees": 6.5950484365479527,
			"normal_parallel_pass": true
		}
	],
	"mesh_vertices_world": [
		[
			459.709,
			159.137,
			-0.499
		],
		[
			500.58199999999999,
			212.566,
			-0.40699999999999997
		],
		[
			495.53399999999999,
			2189.6970000000001,
			1.52
		],
		[
			-504.22000000000003,
			763.82500000000005,
			-0.84999999999999998
		],
		[
			376.47699999999998,
			70.567999999999998,
			-0.66700000000000004
		]
	],
	"mesh_triangles": [
		[
			4,
			0,
			1
		],
		[
			4,
			1,
			2
		],
		[
			2,
			3,
			4
		]
	]
}