{
	"component": "Component_05",
	"action": "excavate",
	"polygon_key": "cap_polygon",
	"success": true,
	"error": "",
	"actor_name": "FromLZ_ReconstructedFace_Press_01_Component_05",
	"cap_width": 1716,
	"cap_height": 1273,
	"faces_width": 1716,
	"faces_height": 1273,
	"cap_mask_pixels": 31664,
	"min_overlap_pixels": 1584,
	"green_line_vector_2d": [
		-0.82302592564335852,
		0.56800380783837423
	],
	"green_line_vectors_2d": [
		[
			-0.82302592564335852,
			0.56800380783837423
		]
	],
	"normal_parallel_threshold_degrees": 30,
	"selected_face_id": 1,
	"selected_plane_hit_3d": [
		48.988951593531624,
		-50.109274850367569,
		105.29544674068688
	],
	"candidates": [
		{
			"face_id": 1,
			"overlap_pixels": 31664,
			"overlap_ratio": 1,
			"mask_centroid_2d": [
				586.73092470944925,
				728.51961217786766
			],
			"has_plane_hit": true,
			"plane_hit_3d": [
				48.988951593531624,
				-50.109274850367569,
				105.29544674068688
			],
			"distance_to_camera": 987.6084433306911,
			"has_projected_normal": true,
			"projected_normal_2d": [
				-0.74715006881307944,
				0.66465538038340655
			],
			"normal_green_angle_degrees": 7.0447503626184442,
			"normal_parallel_pass": true
		}
	],
	"mesh_vertices_world": [
		[
			498.91800000000001,
			-50.935000000000002,
			499.77100000000002
		],
		[
			-499.62799999999999,
			-49.957999999999998,
			499.298
		],
		[
			-499.32900000000001,
			-49.470999999999997,
			0.54100000000000004
		],
		[
			499.21699999999998,
			-50.448,
			1.014
		]
	],
	"mesh_triangles": [
		[
			3,
			0,
			1
		],
		[
			1,
			2,
			3
		]
	]
}