{
	"component": "Component_05",
	"action": "excavate",
	"source_polygon_key": "cap_polygon",
	"copied_polygon_key": "cap_polygon_translated_opposite",
	"success": true,
	"error": "",
	"warning": "",
	"actor_name": "FromLZ_ReconstructedSolid_Press_01_Component_05",
	"cap_width": 1716,
	"cap_height": 1273,
	"faces_width": 1716,
	"faces_height": 1273,
	"selected_source_face_id": 1,
	"attach_material_id_lookup_attempted": false,
	"attach_material_id_found": false,
	"attach_material_id_error": "",
	"source_plane_point": [
		-14.632,
		-50.189999999999998,
		251.28899999999999
	],
	"source_plane_normal": [
		-0.00097999905880935588,
		-0.99999903960138359,
		-0.00097999905880935588
	],
	"oriented_normal_source_to_copied": [
		0.00097999905880935588,
		0.99999903960138359,
		0.00097999905880935588
	],
	"source_to_copied_vector_2d": [
		71,
		-49
	],
	"projected_oriented_normal_2d": [
		0.74715006881307944,
		-0.66465538038340655
	],
	"extrusion_depth": 109.53178066090645,
	"max_depth_sample_reprojection_error_pixels": 64.700270478569095,
	"mean_copied_reprojection_error_pixels": 10.580178635380891,
	"max_copied_reprojection_error_pixels": 10.580178635380964,
	"depth_samples": [
		{
			"index": 0,
			"valid": true,
			"error": "",
			"source_pixel_2d": [
				549,
				622
			],
			"copied_pixel_2d": [
				620,
				573
			],
			"source_world": [
				88.545840228240706,
				-50.24634214199034,
				205.60314139474053
			],
			"point_on_extrusion": [
				88.653181270198104,
				59.285333324745508,
				205.71048243669793
			],
			"point_on_copied_ray": [
				88.653181270198104,
				59.285333324745508,
				205.71048243669793
			],
			"depth": 109.53178066090645,
			"closest_world_distance": 0,
			"reprojection_error_pixels": 10.580178635380879
		},
		{
			"index": 1,
			"valid": true,
			"error": "",
			"source_pixel_2d": [
				518,
				611
			],
			"copied_pixel_2d": [
				589,
				562
			],
			"source_world": [
				121.09525355994077,
				-50.27891940129075,
				206.29582938980883
			],
			"point_on_extrusion": [
				121.20259460189817,
				59.252756065445098,
				206.40317043176623
			],
			"point_on_copied_ray": [
				121.20259460189817,
				59.252756065445098,
				206.40317043176623
			],
			"depth": 109.53178066090645,
			"closest_world_distance": 0,
			"reprojection_error_pixels": 10.580178635380813
		},
		{
			"index": 2,
			"valid": true,
			"error": "",
			"source_pixel_2d": [
				508,
				618
			],
			"copied_pixel_2d": [
				579,
				569
			],
			"source_world": [
				131.60184521318911,
				-50.278394424610951,
				195.25354724709211
			],
			"point_on_extrusion": [
				131.70918625514651,
				59.253281042124897,
				195.36088828904951
			],
			"point_on_copied_ray": [
				131.70918625514651,
				59.253281042124897,
				195.36088828904951
			],
			"depth": 109.53178066090645,
			"closest_world_distance": 0,
			"reprojection_error_pixels": 10.580178635380964
		},
		{
			"index": 3,
			"valid": true,
			"error": "",
			"source_pixel_2d": [
				506,
				698
			],
			"copied_pixel_2d": [
				577,
				649
			],
			"source_world": [
				133.75369058845206,
				-50.196072658670573,
				109.09989989173891
			],
			"point_on_extrusion": [
				133.86103163040946,
				59.335602808065275,
				109.20724093369631
			],
			"point_on_copied_ray": [
				133.86103163040946,
				59.335602808065275,
				109.20724093369631
			],
			"depth": 109.53178066090645,
			"closest_world_distance": 0,
			"reprojection_error_pixels": 10.580178635380879
		},
		{
			"index": 4,
			"valid": true,
			"error": "",
			"source_pixel_2d": [
				504,
				712
			],
			"copied_pixel_2d": [
				575,
				663
			],
			"source_world": [
				135.8631086743452,
				-50.182787875680447,
				93.434580795538977
			],
			"point_on_extrusion": [
				135.9704497163026,
				59.348887591055401,
				93.541921837496375
			],
			"point_on_copied_ray": [
				135.9704497163026,
				59.348887591055401,
				93.541921837496375
			],
			"depth": 109.53178066090645,
			"closest_world_distance": 0,
			"reprojection_error_pixels": 10.580178635380944
		},
		{
			"index": 5,
			"valid": true,
			"error": "",
			"source_pixel_2d": [
				502,
				792
			],
			"copied_pixel_2d": [
				573,
				743
			],
			"source_world": [
				138.01495404960826,
				-50.100466109739727,
				7.2809334401856631
			],
			"point_on_extrusion": [
				138.12229509156566,
				59.431209356996121,
				7.3882744821430641
			],
			"point_on_copied_ray": [
				138.12229509156566,
				59.431209356996121,
				7.3882744821430641
			],
			"depth": 109.53178066090645,
			"closest_world_distance": 0,
			"reprojection_error_pixels": 10.580178635380879
		},
		{
			"index": 6,
			"valid": true,
			"error": "",
			"source_pixel_2d": [
				507,
				800
			],
			"copied_pixel_2d": [
				578,
				751
			],
			"source_world": [
				132.76905085673781,
				-50.088699426808034,
				0.52001731487325742
			],
			"point_on_extrusion": [
				132.8763918986952,
				59.442976039927814,
				0.62735835683065855
			],
			"point_on_copied_ray": [
				132.8763918986952,
				59.442976039927814,
				0.62735835683065855
			],
			"depth": 109.53178066090645,
			"closest_world_distance": 0,
			"reprojection_error_pixels": 10.580178635380793
		},
		{
			"index": 7,
			"valid": true,
			"error": "",
			"source_pixel_2d": [
				655,
				849
			],
			"copied_pixel_2d": [
				726,
				800
			],
			"source_world": [
				-22.630408575612194,
				-49.93684720896681,
				0.9682340521281958
			],
			"point_on_extrusion": [
				-22.523067533654793,
				59.594828257769038,
				1.0755750940855968
			],
			"point_on_copied_ray": [
				-22.523067533654793,
				59.594828257769038,
				1.0755750940855968
			],
			"depth": 109.53178066090645,
			"closest_world_distance": 0,
			"reprojection_error_pixels": 10.580178635380879
		},
		{
			"index": 8,
			"valid": true,
			"error": "",
			"source_pixel_2d": [
				662,
				850
			],
			"copied_pixel_2d": [
				733,
				801
			],
			"source_world": [
				-29.981229990351437,
				-49.931043204772777,
				2.3966022076510853
			],
			"point_on_extrusion": [
				-29.873888948394036,
				59.600632261963071,
				2.5039432496084864
			],
			"point_on_copied_ray": [
				-29.873888948394036,
				59.600632261963071,
				2.5039432496084864
			],
			"depth": 109.53178066090645,
			"closest_world_distance": 0,
			"reprojection_error_pixels": 10.580178635380888
		},
		{
			"index": 9,
			"valid": true,
			"error": "",
			"source_pixel_2d": [
				669,
				707
			],
			"copied_pixel_2d": [
				740,
				658
			],
			"source_world": [
				-37.42462003644323,
				-50.07586534519794,
				157.61768656496298
			],
			"point_on_extrusion": [
				-37.317278994485825,
				59.455810121537908,
				157.72502760692038
			],
			"point_on_copied_ray": [
				-37.317278994485825,
				59.455810121537908,
				157.72502760692038
			],
			"depth": 109.53178066090645,
			"closest_world_distance": 0,
			"reprojection_error_pixels": 10.580178635380955
		},
		{
			"index": 10,
			"valid": true,
			"error": "",
			"source_pixel_2d": [
				671,
				689
			],
			"copied_pixel_2d": [
				742,
				640
			],
			"source_world": [
				-39.536609473207136,
				-50.093334187760661,
				177.55502555565687
			],
			"point_on_extrusion": [
				-39.429268431249731,
				59.438341278975187,
				177.66236659761427
			],
			"point_on_copied_ray": [
				-39.429268431249731,
				59.438341278975187,
				177.66236659761427
			],
			"depth": 109.53178066090645,
			"closest_world_distance": 0,
			"reprojection_error_pixels": 10.580178635380879
		},
		{
			"index": 11,
			"valid": true,
			"error": "",
			"source_pixel_2d": [
				672,
				653
			],
			"copied_pixel_2d": [
				743,
				604
			],
			"source_world": [
				-40.609960809967845,
				-50.130311011158255,
				216.3598293388394
			],
			"point_on_extrusion": [
				-40.50261976801044,
				59.401364455577593,
				216.4671703807968
			],
			"point_on_copied_ray": [
				-40.50261976801044,
				59.401364455577593,
				216.4671703807968
			],