{
	"diagnostic_version": 2,
	"press_id": "Press_02",
	"active_undo_press_id": "Press_02",
	"boolean_backend": "Manifold3D",
	"manifold_library_version": "3.5.0+37125da",
	"excavation_cutter_normal_scale": 1.2,
	"min_renderable_edge_cm": 0.050000000000000003,
	"input_reconstruction_meshes": [
		{
			"actor_name": "FromLZ_ReconstructedSolid_Press_02_Component_02",
			"tag": "FromLZ_ReconstructedSolid",
			"is_excavate_cutter": false,
			"input_world_vertex_count": 24,
			"input_triangle_index_count": 132,
			"input_triangle_count": 44,
			"normal": [
				-0.00097999905880935588,
				-0.99999903960138359,
				-0.00097999905880935588
			],
			"input_bounds":
			{
				"valid": true,
				"min": [
					50.382307331653621,
					-468.83603305022797,
					202.77710478897615
				],
				"max": [
					239.86964419535065,
					-50.249483087594058,
					424.99720165960042
				],
				"center": [
					145.12597576350214,
					-259.54275806891098,
					313.88715322428828
				],
				"extent": [
					94.743668431848505,
					209.29327498131696,
					111.11004843531214
				],
				"size": [
					189.48733686369701,
					418.58654996263391,
					222.22009687062427
				],
				"diagonal": 510.39388916258241
			}
		}
	],
	"cutters": [],
	"build_failures": [],
	"summary":
	{
		"excavate_cutter_count": 0,
		"updated_static_component_count": 0,
		"updated_procedural_component_count": 0,
		"created_boolean_result_actor_count": 0,
		"failed_boolean_count": 0,
		"status": "no_excavate_cutters"
	},
	"targets": []
}