{
	"diagnostic_version": 2,
	"press_id": "Press_01",
	"active_undo_press_id": "Press_01",
	"boolean_backend": "Manifold3D",
	"manifold_library_version": "3.5.0+37125da",
	"excavation_cutter_normal_scale": 1.2,
	"min_renderable_edge_cm": 0.050000000000000003,
	"input_reconstruction_meshes": [
		{
			"actor_name": "FromLZ_ReconstructedSolid_Press_01_Component_01",
			"tag": "FromLZ_ReconstructedSolid",
			"is_excavate_cutter": false,
			"input_world_vertex_count": 46,
			"input_triangle_index_count": 264,
			"input_triangle_count": 88,
			"normal": [
				-0.00097999905880935588,
				-0.99999903960138359,
				-0.00097999905880935588
			],
			"input_bounds":
			{
				"valid": true,
				"min": [
					-724.67875332011511,
					-237.59431182013796,
					76.309450407744649
				],
				"max": [
					475.52161926283122,
					-49.379823482748066,
					624.17074823451298
				],
				"center": [
					-124.57856702864194,
					-143.487067651443,
					350.24009932112881
				],
				"extent": [
					600.10018629147316,
					94.107244168694947,
					273.93064891338418
				],
				"size": [
					1200.2003725829463,
					188.21448833738989,
					547.86129782676835
				],
				"diagonal": 1332.6881216641723
			}
		}
	],
	"cutters": [],
	"build_failures": [],
	"summary":
	{
		"excavate_cutter_count": 0,
		"updated_static_component_count": 0,
		"updated_procedural_component_count": 0,
		"created_boolean_result_actor_count": 0,
		"failed_boolean_count": 0,
		"status": "no_excavate_cutters"
	},
	"targets": []
}