{
	"diagnostic_version": 2,
	"press_id": "Press_01",
	"active_undo_press_id": "Press_01",
	"boolean_backend": "Manifold3D",
	"manifold_library_version": "3.5.0+37125da",
	"excavation_cutter_normal_scale": 1.2,
	"min_renderable_edge_cm": 0.050000000000000003,
	"input_reconstruction_meshes": [
		{
			"actor_name": "FromLZ_ReconstructedSolid_Press_01_Component_02",
			"tag": "FromLZ_ReconstructedSolid",
			"is_excavate_cutter": false,
			"input_world_vertex_count": 26,
			"input_triangle_index_count": 144,
			"input_triangle_count": 48,
			"normal": [
				-0.00097999905880935588,
				-0.99999903960138359,
				-0.00097999905880935588
			],
			"input_bounds":
			{
				"valid": true,
				"min": [
					72.792756054365995,
					-506.25952140909732,
					167.37309365872457
				],
				"max": [
					259.55460784181173,
					-50.240858989129947,
					386.1967344887139
				],
				"center": [
					166.17368194808887,
					-278.2501901991136,
					276.78491407371922
				],
				"extent": [
					93.380925893722861,
					228.00933120998369,
					109.41182041499466
				],
				"size": [
					186.76185178744572,
					456.01866241996737,
					218.82364082998933
				],
				"diagonal": 539.18159792825293
			}
		}
	],
	"cutters": [],
	"build_failures": [],
	"summary":
	{
		"excavate_cutter_count": 0,
		"updated_static_component_count": 0,
		"updated_procedural_component_count": 0,
		"created_boolean_result_actor_count": 0,
		"failed_boolean_count": 0,
		"status": "no_excavate_cutters"
	},
	"targets": []
}