{
  "found": true,
  "used_black": true,
  "side_stroke_id": 110,
  "side_vector": [12.000, -5.000],
  "side_length": 13.000,
  "side_chain_path_length": 14.657,
  "side_chain_start": [1040.000, 326.000],
  "side_chain_end": [1052.000, 321.000],
  "side_seed_direction": [-0.874157, 0.485643],
  "side_trace_total_gap": 0.000,
  "side_trace_stop_reason": "bidirectional:first=all_nearby_green_visited,last=no_chain_direction_match",
  "green_trace_endpoint_tol": 10.000,
  "green_trace_max_chain_deviation_degrees": 45.000,
  "side_chain_stroke_ids": [111, 110],
  "action": "excavate",
  "decision_reason": "inside_greater_than_outside",
  "local_green_count": 3,
  "inside_green_total": 24.071,
  "outside_green_total": 10.414,
  "has_interior_green": true,
  "interior_green_stroke_id": 110,
  "interior_green_inside_points": 11,
  "interior_green_total_points": 11,
  "interior_green_inside_ratio": 1.000000,
  "interior_green_inside_length": 11.657,
  "interior_green_stroke_length": 11.657,
  "interior_green_min_inside_length": 10.000,
  "candidate_source": "local_black",
  "candidate_anchor_stroke_id": 91,
  "side_vectors": [[12.000, -5.000]],
  "side_segments": [[[1040.00, 326.00], [1052.00, 321.00]]],
  "cap_stroke_ids": [206, 85, 105, 128, 126, 124, 207, 91],
  "cap_polygon": [[1057.00, 276.00], [1048.00, 283.00], [1046.00, 287.00], [1046.00, 288.00], [1045.00, 288.00], [1045.00, 289.00], [1044.00, 289.00], [1044.00, 290.00], [1043.00, 290.00], [1043.00, 291.00], [1043.00, 292.00], [1043.00, 293.00], [1043.00, 294.00], [1042.00, 295.00], [1042.00, 296.00], [1042.00, 297.00], [1042.00, 298.00], [1042.00, 299.00], [1042.00, 300.00], [1041.00, 301.00], [1041.00, 302.00], [1041.00, 303.00], [1040.00, 304.00], [1040.00, 305.00], [1040.00, 306.00], [1040.00, 307.00], [1040.00, 308.00], [1040.00, 309.00], [1039.00, 310.00], [1039.00, 311.00], [1039.00, 312.00], [1039.00, 313.00], [1039.00, 314.00], [1039.00, 315.00], [1039.00, 316.00], [1039.00, 317.00], [1039.00, 318.00], [1039.00, 319.00], [1039.00, 320.00], [1039.00, 321.00], [1039.00, 322.00], [1039.00, 323.00], [1040.00, 326.00], [1041.00, 335.00], [1042.00, 335.00], [1043.00, 336.00], [1044.00, 336.00], [1045.00, 337.00], [1046.00, 337.00], [1047.00, 337.00], [1047.00, 338.00], [1048.00, 338.00], [1049.00, 338.00], [1050.00, 338.00], [1051.00, 339.00], [1052.00, 339.00], [1053.00, 339.00], [1054.00, 339.00], [1054.00, 340.00], [1055.00, 340.00], [1056.00, 340.00], [1057.00, 340.00], [1057.00, 341.00], [1058.00, 341.00], [1059.00, 341.00], [1060.00, 341.00], [1060.00, 342.00], [1061.00, 342.00], [1062.00, 342.00], [1063.00, 342.00], [1063.00, 343.00], [1064.00, 343.00], [1065.00, 343.00], [1066.00, 343.00], [1066.00, 344.00], [1067.00, 344.00], [1068.00, 344.00], [1069.00, 344.00], [1069.00, 345.00], [1070.00, 345.00], [1071.00, 345.00], [1072.00, 345.00], [1072.00, 346.00], [1073.00, 346.00], [1074.00, 346.00], [1075.00, 346.00], [1075.00, 347.00], [1076.00, 347.00], [1077.00, 347.00], [1078.00, 347.00], [1078.00, 348.00], [1079.00, 348.00], [1080.00, 348.00], [1081.00, 348.00], [1081.00, 349.00], [1082.00, 349.00], [1083.00, 349.00], [1084.00, 349.00], [1084.00, 350.00], [1085.00, 350.00], [1086.00, 350.00], [1087.00, 350.00], [1087.00, 351.00], [1088.00, 351.00], [1089.00, 351.00], [1090.00, 351.00], [1090.00, 352.00], [1091.00, 352.00], [1092.00, 352.00], [1093.00, 352.00], [1093.00, 353.00], [1094.00, 353.00], [1095.00, 353.00], [1096.00, 353.00], [1096.00, 354.00], [1097.00, 354.00], [1098.00, 354.00], [1099.00, 354.00], [1099.00, 355.00], [1100.00, 355.00], [1101.00, 355.00], [1102.00, 355.00], [1102.00, 356.00], [1103.00, 356.00], [1104.00, 356.00], [1105.00, 356.00], [1105.00, 357.00], [1106.00, 357.00], [1107.00, 357.00], [1108.00, 357.00], [1108.00, 358.00], [1109.00, 358.00], [1110.00, 358.00], [1111.00, 358.00], [1111.00, 359.00], [1112.00, 359.00], [1113.00, 359.00], [1114.00, 359.00], [1114.00, 360.00], [1115.00, 360.00], [1116.00, 360.00], [1117.00, 360.00], [1117.00, 361.00], [1118.00, 361.00], [1119.00, 361.00], [1120.00, 361.00], [1120.00, 362.00], [1121.00, 362.00], [1122.00, 362.00], [1122.00, 363.00], [1123.00, 363.00], [1124.00, 363.00], [1125.00, 363.00], [1126.00, 363.00], [1127.00, 363.00], [1128.00, 363.00], [1129.00, 363.00], [1129.00, 362.00], [1129.00, 361.00], [1129.00, 360.00], [1129.00, 359.00], [1129.00, 358.00], [1129.00, 357.00], [1129.00, 356.00], [1129.00, 355.00], [1129.00, 354.00], [1129.00, 353.00], [1129.00, 352.00], [1129.00, 351.00], [1129.00, 350.00], [1129.00, 349.00], [1129.00, 348.00], [1129.00, 347.00], [1129.00, 346.00], [1129.00, 345.00], [1129.00, 344.00], [1129.00, 343.00], [1129.00, 342.00], [1129.00, 341.00], [1129.00, 340.00], [1129.00, 339.00], [1129.00, 338.00], [1129.00, 337.00], [1129.00, 336.00], [1129.00, 335.00], [1129.00, 334.00], [1129.00, 333.00], [1129.00, 332.00], [1129.00, 331.00], [1129.00, 330.00], [1129.00, 329.00], [1129.00, 328.00], [1129.00, 327.00], [1130.00, 326.00], [1130.00, 325.00], [1130.00, 324.00], [1130.00, 323.00], [1130.00, 322.00], [1130.00, 321.00], [1131.00, 320.00], [1131.00, 319.00], [1131.00, 318.00], [1131.00, 317.00], [1131.00, 316.00], [1132.00, 315.00], [1132.00, 314.00], [1132.00, 313.00], [1132.00, 312.00], [1132.00, 311.00], [1132.00, 310.00], [1132.00, 309.00], [1132.00, 308.00], [1132.00, 307.00], [1132.00, 306.00], [1132.00, 305.00], [1133.00, 304.00], [1132.00, 303.00], [1131.00, 303.00], [1130.00, 303.00], [1129.00, 303.00], [1128.00, 302.00], [1127.00, 302.00], [1126.00, 302.00], [1125.00, 302.00], [1124.00, 302.00], [1123.00, 302.00], [1123.00, 301.00], [1122.00, 301.00], [1121.00, 301.00], [1120.00, 301.00], [1120.00, 300.00], [1119.00, 300.00], [1118.00, 300.00], [1117.00, 300.00], [1117.00, 299.00], [1116.00, 299.00], [1115.00, 299.00], [1114.00, 299.00], [1114.00, 298.00], [1113.00, 298.00], [1112.00, 298.00], [1111.00, 298.00], [1111.00, 297.00], [1110.00, 297.00], [1109.00, 297.00], [1108.00, 297.00], [1108.00, 296.00], [1107.00, 296.00], [1106.00, 296.00], [1105.00, 296.00], [1105.00, 295.00], [1104.00, 295.00], [1103.00, 295.00], [1102.00, 295.00], [1102.00, 294.00], [1101.00, 294.00], [1100.00, 294.00], [1099.00, 294.00], [1099.00, 293.00], [1098.00, 293.00], [1097.00, 293.00], [1096.00, 293.00], [1096.00, 292.00], [1095.00, 292.00], [1094.00, 292.00], [1093.00, 292.00], [1093.00, 291.00], [1092.00, 291.00], [1091.00, 291.00], [1090.00, 291.00], [1090.00, 290.00], [1089.00, 290.00], [1088.00, 290.00], [1087.00, 290.00], [1087.00, 289.00], [1086.00, 289.00], [1085.00, 289.00], [1084.00, 289.00], [1084.00, 288.00], [1083.00, 288.00], [1082.00, 288.00], [1081.00, 288.00], [1081.00, 287.00], [1080.00, 287.00], [1079.00, 287.00], [1078.00, 287.00], [1078.00, 286.00], [1077.00, 286.00], [1076.00, 286.00], [1075.00, 286.00], [1075.00, 285.00], [1074.00, 285.00], [1073.00, 285.00], [1072.00, 285.00], [1072.00, 284.00], [1071.00, 284.00], [1070.00, 284.00], [1069.00, 284.00], [1069.00, 283.00], [1068.00, 283.00], [1067.00, 283.00], [1066.00, 283.00], [1066.00, 282.00], [1065.00, 282.00], [1064.00, 282.00], [1063.00, 282.00], [1063.00, 281.00], [1062.00, 281.00], [1061.00, 281.00], [1060.00, 281.00], [1057.86, 278.00]],