{
	"component": "Component_02",
	"action": "attach",
	"polygon_key": "cap_polygon_translated",
	"success": true,
	"error": "",
	"actor_name": "FromLZ_ReconstructedFace_Press_02_Component_02",
	"cap_width": 1720,
	"cap_height": 1222,
	"faces_width": 1720,
	"faces_height": 1222,
	"cap_mask_pixels": 42296,
	"min_overlap_pixels": 2115,
	"green_line_vector_2d": [
		0.82404192419936761,
		-0.56652882288706519
	],
	"green_line_vectors_2d": [
		[
			0.82404192419936761,
			-0.56652882288706519
		],
		[
			1,
			0
		],
		[
			0.88813023448368777,
			-0.45959186959295728
		],
		[
			0.44721359549995793,
			-0.89442719099991586
		],
		[
			0.76774791069847448,
			-0.64075201569571927
		],
		[
			0,
			-1
		]
	],
	"normal_parallel_threshold_degrees": 10,
	"selected_face_id": 1,
	"selected_plane_hit_3d": [
		143.02620711039626,
		-50.422767893398941,
		311.94866370493008
	],
	"candidates": [
		{
			"face_id": 1,
			"overlap_pixels": 41352,
			"overlap_ratio": 0.9776811045961793,
			"mask_centroid_2d": [
				608.51407428903076,
				551.88941284581153
			],
			"has_plane_hit": true,
			"plane_hit_3d": [
				143.02620711039626,
				-50.422767893398941,
				311.94866370493008
			],
			"distance_to_camera": 727.61812679763432,
			"has_projected_normal": true,
			"projected_normal_2d": [
				0.72577630081399058,
				-0.6879307822570232
			],
			"normal_green_angle_degrees": 3.6186164320711454,
			"normal_parallel_pass": true
		}
	],
	"mesh_vertices_world": [
		[
			499.34199999999998,
			-50.954000000000001,
			499.76600000000002
		],
		[
			-499.745,
			-49.976999999999997,
			499.26100000000002
		],
		[
			-499.60899999999998,
			-49.490000000000002,
			0.34000000000000002
		],
		[
			499.47699999999998,
			-50.466000000000001,
			0.84499999999999997
		]
	],
	"mesh_triangles": [
		[
			3,
			0,
			1
		],
		[
			1,
			2,
			3
		]
	]
}