{
	"component": "Component_02",
	"action": "excavate",
	"source_polygon_key": "cap_polygon",
	"copied_polygon_key": "cap_polygon_translated",
	"success": true,
	"error": "",
	"warning": "",
	"actor_name": "FromLZ_ReconstructedSolid_Press_02_Component_02",
	"cap_width": 2030,
	"cap_height": 800,
	"faces_width": 2030,
	"faces_height": 800,
	"selected_source_face_id": 2,
	"projection_matrix_available": true,
	"projection_matrix_source": "orthographic_stable_after_wait.final_projection_matrix",
	"projection_validation": "capture camera, faces, and actor/material projection metadata match",
	"projection_viewport_width": 2030,
	"projection_viewport_height": 800,
	"projection_m00": 0.00051313627614148075,
	"projection_m11": 0.0013020833333333333,
	"projection_m30": 0,
	"projection_m31": 0,
	"projection_horizontal_span": 3897.6000976562505,
	"projection_vertical_span": 1536,
	"attach_material_id_lookup_attempted": false,
	"attach_material_id_found": false,
	"attach_material_id_error": "",
	"source_plane_point": [
		-851.76499999999999,
		-2239.8139999999999,
		284.68000000000001
	],
	"source_plane_normal": [
		-0.00097999761243472536,
		0.99998756373326636,
		-0.0048899880865365371
	],
	"oriented_normal_source_to_copied": [
		0.00097999761243472536,
		-0.99998756373326636,
		0.0048899880865365371
	],
	"source_to_copied_vector_2d": [
		12,
		-5
	],
	"projected_oriented_normal_2d": [
		0.65058817569975225,
		-0.75943072471402462
	],
	"extrusion_depth": 30.558971025343894,
	"max_depth_sample_reprojection_error_pixels": 25,
	"mean_source_reprojection_error_pixels": 1.3626564766402983e-13,
	"max_source_reprojection_error_pixels": 2.3437142008433856e-13,
	"mean_copied_reprojection_error_pixels": 5.860227818069589,
	"max_copied_reprojection_error_pixels": 5.8602278180697072,
	"depth_samples": [
		{
			"index": 0,
			"valid": true,
			"error": "",
			"source_pixel_2d": [
				1057,
				276
			],
			"copied_pixel_2d": [
				1069,
				271
			],
			"source_world": [
				-819.62087278461263,
				-2238.7022129632228,
				505.59506630580438
			],
			"point_on_extrusion": [
				-819.59092506596937,
				-2269.2608039490519,
				505.74449931005512
			],
			"point_on_copied_ray": [
				-819.59092506596937,
				-2269.2608039490519,
				505.74449931005512
			],
			"depth": 30.558971025343894,
			"closest_world_distance": 0,
			"reprojection_error_pixels": 5.8602278180695713
		},
		{
			"index": 1,
			"valid": true,
			"error": "",
			"source_pixel_2d": [
				1048,
				283
			],
			"copied_pixel_2d": [
				1060,
				278
			],
			"source_world": [
				-839.31474071010689,
				-2238.8426265684548,
				480.82774308930993
			],
			"point_on_extrusion": [
				-839.28479299146363,
				-2269.4012175542839,
				480.97717609356067
			],
			"point_on_copied_ray": [
				-839.28479299146363,
				-2269.4012175542839,
				480.97717609356067
			],
			"depth": 30.558971025343894,
			"closest_world_distance": 0,
			"reprojection_error_pixels": 5.8602278180695713
		},
		{
			"index": 2,
			"valid": true,
			"error": "",
			"source_pixel_2d": [
				1046,
				288
			],
			"copied_pixel_2d": [
				1058,
				283
			],
			"source_world": [
				-843.71352766927521,
				-2238.9154478516371,
				466.81757054340619
			],
			"point_on_extrusion": [
				-843.68357995063195,
				-2269.4740388374662,
				466.96700354765693
			],
			"point_on_copied_ray": [
				-843.68357995063195,
				-2269.4740388374662,
				466.96700354765693
			],
			"depth": 30.558971025343894,
			"closest_world_distance": 0,
			"reprojection_error_pixels": 5.8602278180695713
		},
		{
			"index": 3,
			"valid": true,
			"error": "",
			"source_pixel_2d": [
				1039,
				323
			],
			"copied_pixel_2d": [
				1051,
				318
			],
			"source_world": [
				-859.22294553206598,
				-2239.3817699530364,
				374.56435813588598
			],
			"point_on_extrusion": [
				-859.19299781342272,
				-2269.9403609388655,
				374.71379114013672
			],
			"point_on_copied_ray": [
				-859.19299781342272,
				-2269.9403609388655,
				374.71379114013672
			],
			"depth": 30.558971025343894,
			"closest_world_distance": 0,
			"reprojection_error_pixels": 5.8602278180695713
		},
		{
			"index": 4,
			"valid": true,
			"error": "",
			"source_pixel_2d": [
				1041,
				335
			],
			"copied_pixel_2d": [
				1053,
				330
			],
			"source_world": [
				-854.93457454986446,
				-2239.5143549198219,
				346.59171099912896
			],
			"point_on_extrusion": [
				-854.90462683122121,
				-2270.0729459056511,
				346.7411440033797
			],
			"point_on_copied_ray": [
				-854.90462683122121,
				-2270.0729459056511,
				346.7411440033797
			],
			"depth": 30.558971025343894,
			"closest_world_distance": 0,
			"reprojection_error_pixels": 5.8602278180695349
		},
		{
			"index": 5,
			"valid": true,
			"error": "",
			"source_pixel_2d": [
				1120,
				361
			],
			"copied_pixel_2d": [
				1132,
				356
			],
			"source_world": [
				-682.63413500695196,
				-2239.3384022851733,
				348.0429266167605
			],
			"point_on_extrusion": [
				-682.60418728830871,
				-2269.8969932710024,
				348.19235962101124
			],
			"point_on_copied_ray": [
				-682.60418728830871,
				-2269.8969932710024,
				348.19235962101124
			],
			"depth": 30.558971025343894,
			"closest_world_distance": 0,
			"reprojection_error_pixels": 5.8602278180696326
		},
		{
			"index": 6,
			"valid": true,
			"error": "",
			"source_pixel_2d": [
				1129,
				363
			],
			"copied_pixel_2d": [
				1141,
				358
			],
			"source_world": [
				-662.99872259867573,
				-2239.3067331652192,
				350.58405117772838
			],
			"point_on_extrusion": [
				-662.96877488003247,
				-2269.8653241510483,
				350.73348418197912
			],
			"point_on_copied_ray": [
				-662.96877488003247,
				-2269.8653241510483,
				350.73348418197912
			],
			"depth": 30.558971025343894,
			"closest_world_distance": 0,
			"reprojection_error_pixels": 5.8602278180695349
		},
		{
			"index": 7,
			"valid": true,
			"error": "",
			"source_pixel_2d": [
				1129,
				327
			],
			"copied_pixel_2d": [
				1141,
				322
			],
			"source_world": [
				-662.76490052980466,
				-2238.8717552241101,
				439.48884579983394
			],
			"point_on_extrusion": [
				-662.73495281116141,
				-2269.4303462099392,
				439.63827880408468
			],
			"point_on_copied_ray": [
				-662.73495281116141,
				-2269.4303462099392,
				439.63827880408468
			],
			"depth": 30.558971025343894,
			"closest_world_distance": 0,
			"reprojection_error_pixels": 5.8602278180695713
		},
		{
			"index": 8,
			"valid": true,
			"error": "",
			"source_pixel_2d": [
				1132,
				305
			],
			"copied_pixel_2d": [
				1144,
				300
			],
			"source_world": [
				-656.07254175775643,
				-2238.5873238508343,
				496.31298023037095
			],
			"point_on_extrusion": [
				-656.04259403911317,
				-2269.1459148366635,
				496.46241323462169
			],
			"point_on_copied_ray": [
				-656.04259403911317,
				-2269.1459148366635,
				496.46241323462169
			],
			"depth": 30.558971025343894,
			"closest_world_distance": 0,
			"reprojection_error_pixels": 5.8602278180694976
		},
		{
			"index": 9,
			"valid": true,
			"error": "",
			"source_pixel_2d": [
				1133,
				304
			],
			"copied_pixel_2d": [
				1145,
				299
			],
			"source_world": [
				-653.88289086437544,
				-2238.5690372901227,
				499.61370006073525
			],
			"point_on_extrusion": [
				-653.85294314573218,
				-2269.1276282759518,
				499.76313306498599
			],
			"point_on_copied_ray": [
				-653.85294314573218,
				-2269.1276282759518,
				499.76313306498599
			],
			"depth": 30.558971025343894,
			"closest_world_distance": 0,
			"reprojection_error_pixels": 5.8602278180697072
		},
		{
			"index": 10,
			"valid": true,
			"error": "",
			"source_pixel_2d": [
				1060,
				281
			],
			"copied_pixel_2d": [
				1072,
				276
			],
			"source_world": [
				-813.10388056421789,
				-2238.7440150457787,
				495.7406047697624
			],
			"point_on_extrusion": [
				-813.07393284557463,
				-2269.3026060316079,
				495.89003777401314
			],